-- phpMyAdmin SQL Dump
-- version 4.9.7
-- https://www.phpmyadmin.net/
--
-- Host: localhost:3306
-- Waktu pembuatan: 29 Bulan Mei 2021 pada 10.10
-- Versi server: 5.7.32
-- Versi PHP: 7.4.12

SET SQL_MODE = "NO_AUTO_VALUE_ON_ZERO";
SET time_zone = "+00:00";

--
-- Database: `flight`
--

-- --------------------------------------------------------

--
-- Struktur dari tabel `admin`
--

CREATE TABLE `admin` (
  `id` int(11) NOT NULL,
  `name` varchar(50) NOT NULL,
  `username` varchar(50) NOT NULL,
  `password` varchar(200) NOT NULL
) ENGINE=InnoDB DEFAULT CHARSET=utf8;

--
-- Dumping data untuk tabel `admin`
--

INSERT INTO `admin` (`id`, `name`, `username`, `password`) VALUES
(1, 'Administrator', 'admin', '$2y$10$oayj7XlGXMlM9Qy1syMSKOwzkF68rTCEuG2VYN31YIRfqOEgg8Qg2');

-- --------------------------------------------------------

--
-- Struktur dari tabel `airline`
--

CREATE TABLE `airline` (
  `id` int(11) NOT NULL,
  `name` varchar(150) NOT NULL,
  `logo` varchar(200) NOT NULL
) ENGINE=InnoDB DEFAULT CHARSET=utf8;

--
-- Dumping data untuk tabel `airline`
--

INSERT INTO `airline` (`id`, `name`, `logo`) VALUES
(1, 'Citilink', '1622199310895.ico'),
(2, 'Garuda Indonesia', '1622199786654.png'),
(3, 'Sriwijaya Air', '1622199759964.png'),
(4, 'Lion Air', '1622199736237.ico'),
(5, 'Batik Air', '1622199717336.ico');

-- --------------------------------------------------------

--
-- Struktur dari tabel `airport`
--

CREATE TABLE `airport` (
  `id` int(11) NOT NULL,
  `name` varchar(150) NOT NULL,
  `location` varchar(200) NOT NULL
) ENGINE=InnoDB DEFAULT CHARSET=utf8;

--
-- Dumping data untuk tabel `airport`
--

INSERT INTO `airport` (`id`, `name`, `location`) VALUES
(1, 'Juanda', 'Surabaya'),
(2, 'Adi Sutjipto', 'Yogyakarta'),
(3, 'Achmad Yani', 'Semarang'),
(6, 'Adi Soemarmo', 'Solo'),
(8, 'Soekarno Hatta', 'Jakarta'),
(9, 'Supaedi', 'Bandung'),
(12, 'Hasanuddin', 'Makasar'),
(13, 'Ngurah Rai', 'Denpasar');

-- --------------------------------------------------------

--
-- Struktur dari tabel `booked`
--

CREATE TABLE `booked` (
  `id` int(11) NOT NULL,
  `booking_id` varchar(20) NOT NULL,
  `arrival_booking_id` varchar(20) NOT NULL,
  `user_id` int(11) NOT NULL,
  `flight_id` int(11) NOT NULL,
  `arrival_flight_id` int(11) NOT NULL,
  `name` varchar(50) NOT NULL,
  `telp` varchar(15) NOT NULL,
  `email` varchar(50) NOT NULL,
  `passanger` int(11) NOT NULL,
  `date_booked` datetime NOT NULL,
  `price` int(11) NOT NULL,
  `arrival_price` int(11) NOT NULL,
  `status` int(1) NOT NULL,
  `link_pay` varchar(200) NOT NULL
) ENGINE=InnoDB DEFAULT CHARSET=utf8;

--
-- Dumping data untuk tabel `booked`
--

INSERT INTO `booked` (`id`, `booking_id`, `arrival_booking_id`, `user_id`, `flight_id`, `arrival_flight_id`, `name`, `telp`, `email`, `passanger`, `date_booked`, `price`, `arrival_price`, `status`, `link_pay`) VALUES
(16, '1622175559', '', 7, 7, 0, 'Toni Suwendi', '88215005600', 'tonisuwendi@gmail.com', 2, '2021-05-28 04:19:17', 640000, 0, 2, 'https://app.sandbox.midtrans.com/snap/v1/transactions/a0663ad9-5c0d-4de0-ac9f-0a8420b829dc/pdf'),
(21, '16288641235', '62221090674104', 7, 9, 10, 'Toni Suwendi', '88215005600', 'tonisuwendi@gmail.com', 2, '2021-05-28 23:03:28', 640000, 540000, 2, 'https://app.sandbox.midtrans.com/snap/v1/transactions/007d63b4-9c25-4d84-ab61-c90d33898ac7/pdf'),
(22, '1621297114196', '', 7, 11, 0, 'Alexa Sorenita', '81234567890', 'alexasorenita0@gmail.com', 1, '2021-05-29 11:32:26', 294000, 0, 2, ''),
(23, '162262368540', '', 7, 10, 0, 'Intan Putri Asih', '8232029103940', 'intanputasih@gmail.com', 1, '2021-05-29 16:16:36', 540000, 0, 1, 'https://app.sandbox.midtrans.com/snap/v1/transactions/3f03ec0e-a65b-453f-811e-05f0cdbc7372/pdf');

-- --------------------------------------------------------

--
-- Struktur dari tabel `booked_list`
--

CREATE TABLE `booked_list` (
  `id` int(11) NOT NULL,
  `id_booked` int(11) NOT NULL,
  `title` varchar(10) NOT NULL,
  `name` varchar(50) NOT NULL,
  `number` varchar(20) NOT NULL,
  `arrival_number` varchar(20) NOT NULL
) ENGINE=InnoDB DEFAULT CHARSET=utf8;

--
-- Dumping data untuk tabel `booked_list`
--

INSERT INTO `booked_list` (`id`, `id_booked`, `title`, `name`, `number`, `arrival_number`) VALUES
(13, 16, 'Tuan', 'Toni Suwendi', '1461622175557', ''),
(23, 21, 'Tuan', 'Toni Suwendi', '65271622217808', '204821622217808'),
(24, 21, 'Tuan', 'Suwendi Alwatoni', '15131622217808', '571181622217808'),
(25, 22, 'Tuan', 'Alexa Sorenita', '18991622262746', '0'),
(26, 23, 'Nyonya', 'Intan Putri Asih', '58931622279796', '0');

-- --------------------------------------------------------

--
-- Struktur dari tabel `flight`
--

CREATE TABLE `flight` (
  `id` int(11) NOT NULL,
  `airline` int(11) NOT NULL,
  `number` varchar(100) NOT NULL,
  `departure_airport` int(11) NOT NULL,
  `arrival_airport` int(11) NOT NULL,
  `departure_datetime` datetime NOT NULL,
  `arrival_datetime` datetime NOT NULL,
  `seat` int(11) NOT NULL,
  `price` int(11) NOT NULL,
  `discount` int(11) NOT NULL,
  `class` int(1) NOT NULL,
  `booked` int(11) NOT NULL
) ENGINE=InnoDB DEFAULT CHARSET=utf8;

--
-- Dumping data untuk tabel `flight`
--

INSERT INTO `flight` (`id`, `airline`, `number`, `departure_airport`, `arrival_airport`, `departure_datetime`, `arrival_datetime`, `seat`, `price`, `discount`, `class`, `booked`) VALUES
(2, 2, 'KD212JMD', 6, 12, '2021-06-03 14:20:00', '2021-06-03 17:05:00', 60, 470000, 5, 3, 0),
(5, 3, '9RIDOKQS', 12, 8, '2021-06-02 08:12:00', '2021-06-02 17:05:00', 80, 530000, 0, 1, 0),
(6, 5, 'UJD9DKOQ', 13, 12, '2021-05-30 13:20:00', '2021-05-30 15:15:00', 50, 310000, 0, 1, 0),
(7, 2, 'DUH92ISS', 13, 12, '2021-05-29 20:50:00', '2021-05-29 23:15:00', 60, 640000, 0, 1, 2),
(8, 1, 'DH9EI2KSQ', 13, 12, '2021-05-29 08:35:00', '2021-05-29 12:20:00', 70, 350000, 0, 1, 1),
(9, 4, 'FK20EO2S', 2, 13, '2021-05-31 09:10:00', '2021-05-31 12:30:00', 80, 640000, 15, 1, 2),
(10, 2, '02930EOS', 13, 2, '2021-06-02 16:45:00', '2021-06-02 20:10:00', 60, 540000, 0, 1, 1),
(11, 3, 'FO30EODS', 8, 1, '2021-06-01 12:40:00', '2021-06-01 15:12:00', 80, 420000, 30, 1, 1);

-- --------------------------------------------------------

--
-- Struktur dari tabel `pages`
--

CREATE TABLE `pages` (
  `id` int(11) NOT NULL,
  `title` varchar(100) NOT NULL,
  `slug` varchar(100) NOT NULL,
  `content` text NOT NULL
) ENGINE=InnoDB DEFAULT CHARSET=utf8;

--
-- Dumping data untuk tabel `pages`
--

INSERT INTO `pages` (`id`, `title`, `slug`, `content`) VALUES
(1, 'Tentang Kami', 'about-us', '<h2>Tentang Traveloka</h2><figure class=\"image\"><img src=\"https://ik.imagekit.io/tvlk/image/imageResource/2018/04/11/1523434487593-3acd3ab8242908aa4376c636f49903b2.png\"></figure><p>Traveloka adalah perusahaan teknologi terkemuka di Asia Tenggara yang memungkinkan pengguna untuk menemukan dan memesan beragam produk transportasi, akomodasi, gaya hidup, dan layanan keuangan. Portofolio komprehensif yang dimiliki oleh Traveloka termasuk pemesanan tiket untuk transportasi, seperti tiket pesawat, bus, kereta api, penyewaan mobil, airport transfer, serta inventaris akomodasi terbesar di Asia Tenggara, termasuk hotel, apartemen, guest house, homestay, resort, dan villa, menjadikan Traveloka sebagai platform pemesanan dengan pilihan akomodasi dan paket terlengkap.</p><p>Traveloka juga merupakan pelaku industri utama di sektor gaya hidup yang menyajikan pemesanan untuk beragam tempat rekreasi dan kegiatan, konektivitas, serta direktori kuliner. Melalui produk Layanan Keuangan, Traveloka juga menawarkan solusi keuangan, pembayaran, dan asuransi untuk masyarakat underbanked guna membantu pengguna dalam mengatasi kendala keuangan dalam memenuhi kebutuhan perjalanan dan gaya hidup mereka, seperti PayLater, PayLater Credit Card serta produk asuransi yang memudahkan pengguna untuk mendapatkan perlindungan menyeluruh. Traveloka memiliki layanan customer service yang tersedia 24/7 dalam bahasa lokal, serta kemudahan bertransaksi dengan lebih dari 40 metode pembayaran, online dan offline.</p><p>Aplikasi Traveloka telah diunduh lebih dari 60 juta kali, menjadikannya aplikasi pemesanan perjalanan yang paling populer di kawasan Asia Tenggara.</p>'),
(2, 'Cara Pesan', 'how-to-order', '<figure class=\"image\"><img src=\"https://ik.imagekit.io/tvlk/image/imageResource/2016/07/28/1469700393853-3a55a6d8cfe46a5a4d1edf481166b490.png?tr=q-75,w-386\"></figure><h3>Cari penerbangan</h3><p>Mulai pencarian Anda dengan memasukkan detail penerbangan.</p><p>&nbsp;</p><figure class=\"image\"><img src=\"https://ik.imagekit.io/tvlk/image/imageResource/2016/07/28/1469700341932-25496dc72d607d88172c408fc1d641eb.png?tr=q-75,w-386\"></figure><h3>Pilih dan pesan penerbangan</h3><p>Detail penerbangan (nama maskapai, jadwal, harga tiket, dll.) dapat Anda lihat di halaman hasil pencarian.</p><p>&nbsp;</p><figure class=\"image\"><img src=\"https://ik.imagekit.io/tvlk/image/imageResource/2016/07/28/1469700299214-14b832a35fb4b17d393431aceda63597.png?tr=q-75,w-386\"></figure><h3>Isi data kontak dan penumpang</h3><p>Setelah memilih penerbangan Anda, isi data pemesan yang dapat dihubungi dan data penumpang yang berangkat.</p><p>Anda pun dapat menambahkan asuransi perjalanan langsung ke pesanan Anda.</p><p>&nbsp;</p><figure class=\"image\"><img src=\"https://ik.imagekit.io/tvlk/image/imageResource/2016/07/27/1469618131337-1613cce0a872e8dd63d3be6cee484df0.png?tr=q-75,w-386\" alt=\"Proceed with payment\"></figure><h3>Lakukan pembayaran</h3><p>Beragam metode pembayaran tersedia.Pilihlah yang sesuai kebutuhan Anda.</p><p>&nbsp;</p><figure class=\"image\"><img src=\"https://ik.imagekit.io/tvlk/image/imageResource/2016/07/28/1469700259875-33fb8ca2adc9def915bc43ff1a8b7ea0.png?tr=q-75,w-386\"></figure><h3>E-tiket dikirimkan</h3><p>Setelah pembayaran sukses diterima, e-tiket resmi Traveloka akan kami kirimkan ke alamat email Anda dalam <strong>maks. 60 menit</strong>.</p>'),
(4, 'Kebijakan Privasi', 'privacy-policy', '<h3>Kebijakan Privasi</h3><p>Traveloka.com dimiliki dan dioperasikan oleh Grup Perusahaan Traveloka (<strong>\"Traveloka\"</strong> atau <strong>\"Kami\"</strong>). Kebijakan Privasi ini menjelaskan bagaimana kami mengumpulkan, menggunakan, menyingkapkan, memproses dan melindungi informasi pribadi yang teridentifikasi (<strong>\"Data Pribadi\"</strong>) yang Anda (<strong>\"Pengguna\"</strong>) dapat berikan sehubungan dengan layanan Traveloka yang tersedia melalui situs web di www.traveloka.com (<strong>\"Situs\"</strong>). Data Pribadi berarti data, apakah benar atau tidak, tentang seorang individu yang dapat diidentifikasi dari data tersebut, atau dari data dan informasi lainnya yang aksesnya dimiliki atau mungkin dimiliki organisasi. Referensi ke Situs dianggap mencakup turunan daripadanya, termasuk namun tidak harus terbatas pada situs web mobile dan aplikasi. Dengan mengunjungi atau menggunakan Situs, Anda sepakat dan menyetujui pengumpulan, penggunaan, penyingkapan dan pemrosesan Data Pribadi Anda sesuai dengan Kebijakan Privasi ini dan/atau Persyaratan Situs Web. Jika Anda tidak setuju dengan Kebijakan Privasi di bawah ini, silakan segera tinggalkan Situs.</p><p>Dari waktu ke waktu, Traveloka dapat merevisi Kebijakan Privasi ini untuk mencerminkan perubahan dalam hukum, pengumpulan dan praktik penggunaan Data Pribadi kami, fitur Situs kami, atau kemajuan dalam teknologi. Jika kami membuat revisi yang mengubah cara kami mengumpulkan atau menggunakan Data Pribadi Anda, perubahan tersebut akan dimuat di dalam Kebijakan Privasi ini dan tanggal berlaku akan dicatat pada permulaan Kebijakan Privasi ini. Oleh karena itu, Anda harus meninjau Kebijakan Privasi ini secara berkala sehingga Anda selalu mendapatkan informasi terkini akan kebijakan dan praktik kami saat ini. Traveloka juga akan memasang dengan jelas perubahan materi tersebut sebelum mengimplementasikan perubahannya. Jika Anda tidak setuju dengan perubahan atau modifikasi terhadap Kebijakan Privasi, harap jangan melanjutkan menggunakan Situs. Anda akan dianggap telah menyetujui setiap modifikasi Kebijakan Privasi ketika Anda menggunakan Situs setelah tanggal berlaku modifikasi.</p><h4>Informasi yang Kami Kumpulkan</h4><p>Kami mengumpulkan Data Pribadi mengenai Anda yang diberikan kepada kami saat menggunakan Situs. Data Pribadi tersebut termasuk namun tidak terbatas pada nama Anda, identifikasi pengguna Traveloka dan kredensial login, alamat, nomor telepon, alamat e-mail, nama hotel, lokasi hotel dan/atau lama tinggal. Kami dapat meminta Anda untuk memberikan informasi tentang preferensi perjalanan Anda, keanggotaan <i>frequent flyer</i> maskapai, dan masukan tentang pengalaman perjalanan melalui pemesanan Traveloka Anda. Kami juga mengumpulkan informasi non-pribadi yang teridentifikasi (yang tidak dapat digunakan untuk mengidentifikasi Anda), termasuk namun tidak terbatas pada alamat protokol internet (\"IP\") Anda, data lokasi geografis, jenis sistem pengoperasian, kebangsaan, preferensi pencarian, begitu pula data umum lainnya terkait penggunaan Internet.</p><h4>Bagaimana Kami Menggunakan Informasi Anda</h4><p>Kami dapat menggunakan Data Pribadi Anda dan informasi lainnya yang dikumpulkan melalui Situs, baik di Singapura atau di luar negeri, untuk tujuan berikut:</p><ul><li>mendaftar, mengelola dan/atau mengurus penggunaan dan/atau akses Situs;</li><li>mengelola, mengoperasikan, mengurus dan memberikan Anda layanan yang ditawarkan di Situs;</li><li>menghubungi Anda mengenai hal-hal yang berkaitan dengan penggunaan Anda dan/atau akses Situs serta layanan di Situs, dan setiap pertanyaan dan/atau permintaan yang diajukan oleh Anda melalui Situs atau sebaliknya;</li><li>menyesuaikan pengalaman Anda saat menggunakan Situs;</li><li>mengukur dan meningkatkan pengalaman dan kepuasan pelanggan;</li><li>mempublikasikan ulasan pelanggan, seperti Situs, Agen Perjalanan, Penerbangan atau Hotel, dalam format digital dan/atau cetak untuk akses publik;</li><li>menegakkan Syarat dan Ketentuan;</li><li>menyelesaikan sengketa atau pengaduan, mengumpulkan pembayaran atau biaya, atau memecahkan masalah; dan/atau</li><li>untuk tujuan lain yang diberitahukan kepada Anda pada saat pengumpulan.</li></ul><p>Kami juga dapat menggunakan Data Pribadi Anda dan informasi lainnya yang dikumpulkan untuk pemasaran Media Sosial menggunakan teknik grafik langsung dan terbuka, dan untuk tujuan pemasaran digital dan konvensional seperti mengirimkan Anda surat elektronik langsung dan memberitahukan tentang produk baru, penawaran khusus atau informasi lain yang menurut kami akan menarik bagi Anda. Harap dicatat bahwa Anda dapat memilih untuk keluar dari setiap materi pemasaran yang mungkin kami kirimkan kepada Anda kapan pun. Harap ikuti instruksi untuk berhenti berlangganan yang diatur di dalam materi pemasaran kami jika Anda memilih untuk keluar dari setiap materi pemasaran, dan kami akan menghormati keinginan Anda.</p><h4>Berbagi dan Mentransfer Data Pribadi Anda</h4><p>Data Pribadi Anda akan/dapat disingkapkan oleh Traveloka kepada perusahaan afiliasi Traveloka. Traveloka (dan/atau perusahaan afiliasinya) juga dapat menyingkap Data Pribadi Anda kepada penyedia layanan pihak ketiga, pemasok atau agen untuk satu atau lebih tujuan di atas dari waktu ke waktu. Layanan pihak ketiga termasuk namun tidak terbatas pada <i>hosting</i> situs web, analisis data, pemasaran, memproses transaksi kartu kredit, dan penyediaan layanan.</p><p>Dalam beberapa kasus, ketika Anda bertransaksi langsung dengan pihak ketiga untuk mendapatkan layanan, atau saat Anda menggunakan Situs untuk memesan kamar hotel atau mendapatkan produk atau layanan lain, kami dapat memberikan Data Pribadi Anda kepada hotel tersebut atau pihak ketiga lainnya.</p><p>Tergantung pada lokasi Anda, Traveloka, perusahaan afiliasi dan penyedia layanan pihak ketiga, pemasok atau agen juga dapat mentransfer Data Pribadi Anda ke luar negeri.</p><p>Harap dicatat bahwa Traveloka dapat menyingkap Data Pribadi Anda dalam situasi berikut:</p><ul><li>untuk mengadakan atau membela terhadap klaim atau gugatan apa pun;</li><li>untuk mematuhi perintah pengadilan, proses peradilan, permintaan yang sah, surat perintah atau setara oleh pejabat penegak hukum atau pihak yang berwenang;</li><li>untuk menyelidiki penipuan atau kesalahan lainnya, atau seperti yang dipersyaratkan lainnya atau diperlukan dalam rangka mematuhi hukum yang berlaku, atau untuk melindungi kepentingan sah kami;</li><li>untuk pembeli sehubungan dengan penjualan, pekerjaan, atau pengalihan lain dari semua atau bagian dari bisnis atau perusahaan kami;</li><li>untuk menegakkan atau menerapkan syarat dan ketentuan yang berlaku bagi produk dan layanan kami;</li><li>untuk melindungi hak, properti atau keamanan Traveloka, Pengguna Situs lainnya, atau orang lain manapun sesuai dengan kebijaksanaan Traveloka; dan</li><li>untuk setiap situasi lain yang diperbolehkan menurut hukum.</li></ul><h4>Persetujuan</h4><p>Sebagaimana dinyatakan di atas, dengan menjelajah dan menggunakan Situs, atau dengan memesan produk dari Situs, atau dengan mendaftarkan untuk atau menggunakan layanan di Situs, atau dengan mengeklik tombol \"Konfirmasi\" atau setara ketika Anda membuat akun baru pada situs, Anda:</p><ul><li>menyetujui Traveloka dan/atau perusahaan afiliasi Traveloka mengumpulkan, menggunakan, menyingkap dan/atau mengolah data pribadi yang disebutkan di atas untuk tujuan seperti yang dijelaskan di atas; dan</li><li>menyetujui Traveloka dan/atau perusahaan afiliasi Traveloka mentransfer data pribadi Anda keluar dari Singapura ke lokasi perusahaan afiliasi Traveloka lain yang perusahaan afiliasi Traveloka lain tersebut ini berada, dan untuk penyedia layanan pihak ketiga Traveloka (atau perusahaan afiliasi Traveloka), pemasok atau agen untuk tujuan seperti dijelaskan di atas.</li></ul><h4>Penarikan Persetujuan</h4><p>Anda dapat menarik persetujuan terhadap pengumpulan, penggunaan atau penyingkapan kami atas data pribadi Anda setiap saat, dengan memberikan kami pemberitahuan yang beralasan. Jika Anda ingin menarik persetujuan Anda, harap beritahu kami pada detail kontak kami yang tertera di bawah ini. Kami akan berhenti mengumpulkan, menggunakan atau menyingkap data pribadi Anda setelah pemberitahuan, kecuali diwajibkan oleh hukum atau jika kami memiliki bisnis yang sah atau tujuan hukum untuk mempertahankannya. Harap memperhatikan bahwa dengan menarik persetujuan Anda terhadap pengumpulan, penggunaan atau penyingkapan kami atas data pribadi Anda, kami mungkin tidak dapat terus memberikan layanan kami kepada Anda, dan Anda setuju bahwa kami tidak akan bertanggung jawab kepada Anda atas setiap kerugian atau kerusakan yang timbul dari atau terkait penghentian layanan tersebut.</p><h4>Kebijakan <i>Cookie</i></h4><p><i>\"Cookie\"</i> adalah pengidentifikasi alfanumerik yang kami transfer ke <i>hard drive</i> atau kartu memori Anda melalui web <i>browser</i> ketika Anda mengunjungi situs kami. Hal ini memungkinkan sistem milik kami sendiri untuk mengenali Anda ketika Anda kembali mengunjungi situs kami dan meningkatkan layanan kami kepada Anda. Informasi ini digunakan untuk melacak penggunaan pengunjung Situs dan mengkompilasi laporan statistik mengenai aktivitas Situs. Untuk informasi lebih lanjut tentang <i>cookie</i>, kunjungi www.aboutcookies.org atau www.allaboutcookies.org. <i>Cookie</i> juga dapat digunakan untuk mengkompilasi informasi keseluruhan tentang area Situs kami yang paling sering dikunjungi. Informasi lalu lintas ini dapat digunakan untuk meningkatkan konten Situs kami dan membuat penggunaan Anda menjadi lebih mudah. Jika Anda ingin menolak <i>cookie</i> kami, Anda dapat mengkonfigurasi <i>browser</i> Anda untuk melakukannya. Namun, beberapa fitur Situs kami mungkin tidak berfungsi jika Anda menghapus <i>cookie</i> dari <i>browser</i> Anda. Jika Anda tidak mengaktifkan <i>cookie</i>, Anda mungkin tidak dapat mengakses fungsi atau fitur penting pada Situs ini, dan Anda mungkin hanya dapat menggunakan Situs secara terbatas.</p><h4>Akses ke atau Perbaikan Data Pribadi Anda</h4><p>Ketika Anda memberikan kami Data Pribadi Anda, pastikan datanya akurat dan lengkap. Jika Anda percaya bahwa setiap informasi Anda yang kami miliki atau kendalikan mengandung kesalahan atau kelalaian, harap login ke akun Anda di Situs dan perbaiki informasinya. Selain itu, harap perbarui Data Pribadi Anda melalui akun Anda pada waktu yang tepat, jika terdapat perubahan.</p><p>Jika Anda ingin memperbaiki kesalahan atau kelalaian pada Data Pribadi manapun di bawah kepemilikan atau kendali kami yang tidak dapat dikoreksi melalui Situs kami, atau untuk mengakses Data Pribadi Anda di bawah kepemilikan atau kendali kami, atau sebagaimana diatur oleh hukum yang berlaku, harap kirimkan permintaan Anda ke detail kontak kami yang tertera di bawah ini. Kami mungkin membebani Anda biaya yang wajar untuk akses ke Data Pribadi, untuk tujuan pemulihan biaya tambahan karena menanggapi permintaan akses tersebut.</p><p>Untuk melindungi privasi dan keamanan Anda, kami akan memverifikasi identitas Anda sebelum memberikan akses atau melakukan perubahan pada Data Pribadi Anda. Kami akan berusaha menjawab permintaan untuk akses atau perbaikan Data Pribadi Anda sesegera mungkin, kecuali berlaku pengecualian.</p><h4>8. Melindungi Data Pribadi Anda</h4><p>Kami melindungi Data Pribadi di bawah kepemilikan atau kendali kami dengan mempertahankan pengaturan keamanan yang wajar, termasuk prosedur fisik, teknis dan organisasi, untuk mencegah akses, pengumpulan, penggunaan, penyingkapan, penyalinan, modifikasi, penghapusan yang tidak sah atau risiko yang sama.</p><h4>Tautan ke Situs Web Lain</h4><p>Situs kami dapat berisi tautan ke situs-situs lain yang menarik. Namun, setelah Anda menggunakan tautan tersebut untuk meninggalkan situs kami, Anda harus mengetahui bahwa kami tidak memiliki kendali atas situs web lain tersebut. Harap diketahui bahwa kami tidak bertanggung jawab atas praktik privasi situs web lain tersebut dan menyarankan Anda untuk membaca pernyataan privasi dari masing-masing situs web yang Anda kunjungi yang mengumpulkan informasi pribadi.</p><h4>Pendaftaran dan Keanggotaan</h4><p>Situs ini memungkinkan Anda untuk membuat satu akun pengguna dengan mendaftar keanggotaan, berdasarkan data yang Anda berikan. Dengan memberikan data, mendaftar, dan membuat akun, Anda menjamin bahwa:</p><ol><li>Anda setidaknya berusia 18 tahun;</li><li>Informasi tentang Anda adalah benar dan akurat, terkini dan lengkap sebagaimana diperlukan dalam formulir pendaftaran di Situs (<strong>\"Data Pendaftaran\"</strong>); dan</li><li>Anda akan memperbarui Data Pendaftaran ini agar selalu benar, akurat dan lengkap.</li></ol><p>Selanjutnya, Anda setuju bahwa Traveloka tidak bertanggung jawab atas kehilangan atau kerusakan yang mungkin diderita oleh kami, Anda atau pihak ketiga manapun, yang kerugian atau kerusakan tersebut disebabkan oleh ketidakakuratan atau tidak lengkapnya informasi yang diberikan oleh Anda. Setelah mendaftar, Anda akan menerima kata sandi dan identifikasi pengguna (\"Nama pengguna\"). Anda bertanggung jawab untuk menjaga kerahasiaan kata sandi dan Nama pengguna, dan Anda bertanggung jawab penuh atas semua kegiatan terkait Nama pengguna atau kata sandi. Anda hanya dapat menggunakan satu Nama pengguna dan kata sandi pada satu waktu dan tidak diperbolehkan untuk menggunakan lebih dari satu Nama pengguna. Kata sandi Anda semata-mata hanya untuk Anda gunakan sendiri, dan Anda setuju untuk benar-benar merahasiakan kata sandi Anda. Anda setuju untuk segera memberitahukan Traveloka tentang penggunaan kata sandi atau akun yang tidak sah atau pelanggaran keamanan lainnya. Untuk keamanan yang lebih bagus, harap pastikan bahwa Anda <i>logout</i> atau keluar dari akun setelah setiap kali penggunaan Situs ini. Anda setuju bahwa Traveloka tidak akan bertanggung jawab atas setiap kerugian atau kerusakan yang diderita oleh kami, Anda atau pihak ketiga yang timbul akibat kegagalan Anda untuk mematuhi ketentuan ini.</p><h4>Pengalihan Bisnis</h4><p>Dalam hal terjadi perubahan kendali atau perubahan kepemilikan atas semua atau sebagian dari bisnis Traveloka atau perusahaan, termasuk situs, maka Data Pribadi Pengguna mungkin/akan menjadi bagian dari pengalihan aset tersebut.</p><h4>Persetujuan Perubahan Kebijakan Privasi</h4><p>Dengan menggunakan Situs atau layanan yang kami sediakan, Anda setuju dengan pengumpulan, penggunaan, penyingkapan dan pengolahan Data Pribadi Anda sebagaimana diatur dalam Kebijakan Privasi ini. Lebih lanjut, jika Anda menggunakan layanan kami, kami berhak mengumpulkan, menggunakan, menyingkap dan memproses Data Pribadi Anda sesuai dengan Kebijakan Privasi ini. Dari waktu ke waktu, Traveloka dapat mengubah Kebijakan Privasi ini. Sebagaimana dijelaskan pada awal Kebijakan Privasi ini, kami akan menampilkan perubahan pada Situs ini untuk informasi Anda.</p><h4>Urutan Prioritas</h4><p>Jika Anda telah menyetujui Persyaratan Situs Web kami, dalam hal terdapat perbedaan antara Persyaratan Situs Web tersebut dan Kebijakan Privasi ini, maka Persyaratan Situs Web yang akan berlaku.</p><h4><i>Disclaimer</i></h4><p>Harap perhatikan bahwa mengingat kami merupakan perusahaan yang terdaftar di Singapura, maka Kebijakan Privasi ini telah disusun semata-mata sesuai dengan hukum Singapura. Kami tidak mewakili atau menjamin bahwa Kebijakan Privasi ini mematuhi undang-undang privasi dari setiap yurisdiksi lainnya dan dengan demikian, Anda tidak akan menafsirkan Kebijakan Privasi ini begitu saja.</p><p>Untuk menghindari keraguan, atas pengecualian yang hukum mengizinkan suatu organisasi seperti Traveloka untuk mengumpulkan, menggunakan atau menyingkap data pribadi Anda tanpa persetujuan Anda, maka izin tersebut yang diberikan oleh hukum akan terus berlaku.</p><h4>Hubungi Kami</h4><p>Jika Anda memiliki pertanyaan atau permintaan apa pun yang berkaitan dengan Kebijakan Privasi ini, harap hubungi Petugas Perlindungan Data kami di detail berikut ini, atau orang yang mungkin ditunjuk oleh Traveloka dengan memberikan informasi kepada Anda melalui surat, faktur, email atau Situs: privacy@traveloka.com.</p><p><i>Konten ini adalah terjemahan dari versi asli bahasa Inggris dan disediakan untuk kenyamanan Anda. Terdapat kemungkinan bahwa beberapa teks mungkin berbeda dari versi asli bahasa Inggris, dan dalam hal terjadi ambiguitas antara versi terjemahan dan versi bahasa Inggris, maka versi bahasa Inggris yang akan berlaku. Jika ragu mengenai keakuratan informasi yang terkandung dalam terjemahan, harap merujuk teks versi bahasa Inggris yang merupakan versi resmi</i></p><p>Efektif Juni 2015</p><p>© 2016 Traveloka</p>');
INSERT INTO `pages` (`id`, `title`, `slug`, `content`) VALUES
(5, 'Syarat & Ketentuan', 'terms', '<p>SYARAT PENGGUNAAN</p><p>SYARAT PENGGUNAAN DI BAWAH INI HARUS DIBACA SEBELUM MENGGUNAKAN SITUS INI. PENGGUNAAN SITUS INI MENUNJUKKAN PENERIMAAN DAN KEPATUHAN TERHADAP SYARAT DAN KETENTUAN DI BAWAH INI.</p><p>www.traveloka.com situs (\"Situs\") dikelola oleh Traveloka (\"kami\"). Dengan mengakses dan/atau menggunakan Situs, Anda mengakui bahwa Anda telah membaca dan memahami, dan menyetujui untuk terikat oleh Syarat Penggunaan yang ditetapkan di bawah ini dan syarat dan ketentuan lainnya dalam kaitannya dengan Situs, termasuk namun tidak terbatas pada kerahasiaan dan FAQ, yang merupakan bagian yang tidak terpisahkan dari Syarat Penggunaan (\"Syarat\"). Anda harus setidaknya berusia delapan belas (18) tahun untuk menggunakan Situs ini.</p><p>Harap diketahui bahwa kami dapat mengubah, memodifikasi, menambah dan menghapus Syarat ini sewaktu-waktu tanpa pemberitahuan sebelumnya. Syarat harus dibaca secara berkala. Dengan terus menggunakan Situs ini setelah perubahan tersebut terhadap Syarat, pengunjung, pengguna atau Pengguna Terdaftar (\"Anda\" atau \"pengguna\") sepakat dan menyetujui perubahan. Jika Anda menggunakan salah satu layanan kami yang lain, maka penggunaan Anda didasarkan pada kepatuhan dan penerimaan terhadap syarat dan ketentuan yang berlaku untuk layanan tersebut.</p><p><i>Konten ini adalah terjemahan dari versi asli bahasa Inggris dan disediakan untuk kenyamanan Anda. Terdapat kemungkinan bahwa beberapa teks mungkin berbeda dari versi asli bahasa Inggris, dan dalam hal terjadi ambiguitas antara versi terjemahan dan versi bahasa Inggris, maka versi bahasa Inggris yang akan berlaku. Jika ragu mengenai keakuratan informasi yang terkandung dalam terjemahan, harap merujuk teks versi bahasa Inggris yang merupakan versi resmi</i></p><h4>LINGKUP LAYANAN KAMI</h4><ol><li>Melalui Situs, Traveloka menyediakan platform <i>online</i> sehingga Anda dapat menelusuri berbagai jenis maskapai penerbangan, api, dan transportasi lainnya, akomodasi sementara dan penginapan (sebagaimana berlaku), pertunjukan seni, objek wisata, paket perjalanan wisata, pulsa prabayar, serta membuat reservasi, pemesanan dan/atau pembelian (\"Layanan\"). Pengguna dapat membuat pemesanan layanan yang disediakan oleh hotel, maskapai penerbangan, operator transportasi lainnya, penyelenggara pertunjukan seni, pengelola objek wisata, biro perjalanan wisata, operator seluler, dan/atau penyedia layanan lain yang bekerjasama dengan Traveloka (\"Vendor\") di Situs. Dengan meletakkan pesanan melalui Situs, Anda akan dapat memesan dan/atau membeli tiket pesawat, tiket kereta api dan transportasi lainnya, kamar hotel, tiket pertunjukan seni, tiket obyek wisata, paket perjalanan wisata, pulsa prabayar, atau layanan lainnya pada Situs kami. Kami akan memberikan konfirmasi pemesanan atau pembelian melalui konfirmasi email. Kami berhak untuk menolak pemesanan sebagaimana diatur di bawah ini.</li><li>Meskipun kami akan menggunakan keahlian kami dengan hati-hati dalam melakukan layanan, kami tidak memverifikasi, dan tidak menjamin, bahwa semua informasi yang diberikan akurat, lengkap, benar atau terbaru yang tersedia, dan kami tidak bertanggung jawab atas setiap kesalahan (termasuk kesalahan penempatan dan pengetikan), gangguan (baik sementara dan/atau parsial, kerusakan, perbaikan atau peningkatan ke situs atau sebaliknya), informasi yang tidak akurat, menyesatkan atau palsu atau informasi yang tidak tersampaikan. Hal ini mencakup setiap informasi yang ditampilkan pada Situs atau platform kami lainnya sehubungan dengan jenis pesawat, tata kursi, jarak antar kursi, serta ketersediaan hiburan di pesawat dan WiFi, atau informasi lainnya yang berkenaan dengan spesifikasi fasilitas penerbangan.</li><li>Perubahan dalam kondisi pasar atau keadaan yang terjadi dapat menyebabkan perubahan dalam waktu singkat, yang menyebabkan informasi tidak akurat atau tidak berlaku. Dalam hal terjadi masalah, layanan pelanggan dapat berusaha untuk membantu Anda dan memenuhi permintaan Anda.</li><li>Situs ini tidak mengemukakan pernyataan apa pun dan tidak dapat dianggap sebagai membuat rekomendasi atau saran dari tingkat kualitas layanan atau peringkat dari Vendor yang terdaftar di Situs. Dengan ini kami menyatakan penyangkalan klaim, kerugian atau kewajiban sehubungan dengan kualitas atau status Vendor yang ada dan yang terdaftar di Situs (yang memberikan layanan maskapai penerbangan, kereta api dan operator transportasi lainnya, hotel, penyelenggara pertunjukan seni, pengelola obyek wisata, operator seluler atau layanan lainnya). Vendor dapat diperkenalkan dalam tingkatan kelas yang berbeda berdasarkan faktor-faktor termasuk namun tidak terbatas pada ulasan, peringkat mereka atau faktor-faktor lainnya. Peringkat yang diberikan dihitung berdasarkan algoritma otomatis yang dapat diperbarui dan diubah dari waktu ke waktu, sesuai dengan kebijaksanaan tunggal kami.</li><li>Kami memiliki hak untuk tidak menerima setiap pengguna atau pemesanan (atau dalam kasus-kasus tertentu membatalkan konfirmasi pemesanan) berdasarkan kebijaksanaan tunggal kami dan untuk alasan apa pun serta tanpa memberikan alasan penolakan/penampikan/pembatalan. Alasan untuk menolak pengguna atau pemesanan atau membatalkan konfirmasi pemesanan dapat termasuk namun tidak terbatas pada: pelanggaran Syarat ini, perdagangan atau sanksi ekonomi oleh otoritas global atau nasional, embargo, larangan dalam peraturan, penipuan atau pencurian (atau indikasi atau dugaan penipuan atau pencurian), dugaan kegiatan kriminal, pemesanan yang mencurigakan, layanan yang tidak tersedia atau tidak lagi disediakan oleh Vendor, pengguna memberikan informasi yang tidak akurat, keliru atau menyesatkan, masalah dengan komunikasi kartu kredit elektronik, informasi atau transaksi, perilaku yang tidak pantas, ancaman, hinaan, penolakan untuk memberikan informasi, hambatan praktis, kesulitan atau kemacetan komunikasi, Kesalahan Nyata (selanjutnya dijelaskan di bawah ini), sejarah pelanggaran Syarat atau penolakan tersebut, atau dimasukkan pada setiap \"daftar hitam\" atau \"daftar pengamatan\" oleh pemerintah atau organisasi internasional. Kami dapat menghilangkan atau menghapus (\"Dihapus\") keanggotaan pengguna Situs ini sewaktu-waktu, baik sementara atau permanen. Pengguna yang Dihapus dilarang untuk mencoba menggunakan Situs dengan nama lain atau melalui pengguna lainnya (selanjutnya dijelaskan dalam ketentuan Mekanisme Pencegahan Penipuan).</li><li>Dalam kasus tertentu, kami dapat membatalkan atau menolak pemesanan berkenaan dengan \"Kesalahan Nyata\", yang tidak tergantung pada letak kesalahan berasal. Untuk menghindari keraguan, Kesalahan Nyata adalah kesalahan pada Situs (misalnya, dalam hal harga) yang tidak ada satu orang yang rasional pun akan menganggap layak atau membuat bisnis dimengerti. Jumlah yang dibebankan akan diganti tanpa biaya lebih lanjut dalam kasus seperti itu.</li><li>Setiap pembayaran atas pemesanan harus dilakukan secara langsung ke rekening bank milik Traveloka atau metode pembayaran lain yang tersedia di Situs Traveloka. Traveloka tidak bertanggung jawab atas pemesanan apabila pembayaran tidak dilakukan secara langsung ke metode pembayaran resmi di Traveloka.</li></ol><h4>PEMBATALAN</h4><ol><li>Dengan membuat pemesanan, pesanan atau reservasi melalui Situs, Anda menerima dan setuju dengan syarat dan ketentuan dari Vendor yang berlaku, termasuk yang berkaitan dengan kebijakan tentang pembatalan dan/atau ketiadaan, atau sehubungan dengan permintaan khusus Anda yang mungkin diberikan kepada Vendor. Traveloka tidak bertanggung jawab atas setiap pelanggaran syarat dan ketentuan yang disepakati antara Vendor dan pengguna, atau yang didasarkan pada permintaan khusus pengguna, sehingga harap membaca syarat dan ketentuan Vendor dengan cermat.</li><li>Sehubungan dengan pembatalan pengguna yang telah dilakukan, Traveloka mungkin dapat menahan atau mengambil bagian dari jumlah yang dibayarkan untuk mengganti biaya yang telah dikeluarkan sehubungan dengan pembatalan.</li></ol><h4>PERMINTAAN KHUSUS</h4><ol><li>Dalam hal permintaan khusus sehubungan dengan pemesanan (misalnya: kamar yang mudah diakses dengan kursi roda, bantuan kursi roda untuk penyandang cacat di hotel atau maskapai penerbangan, perubahan nama, perubahan tanggal dan/atau jadwal, menambahkan poin \"frequent flyer\" ketersediaan tempat duduk tiket pertunjukan seni, kelengkapan khusus yang dibutuhkan dalam perjalanan wisata atau setara), pengguna dapat memasukkan permintaan saat melakukan pemesanan di Situs atau hubungi Vendor secara langsung (sebagaimana berlaku). Permintaan akan diurus berdasarkan kebijaksanaan Vendor dan Traveloka, berdasar atas ketersediaan dan faktor lainnya. Keberadaan permintaan khusus Anda dapat dikenakan harga dan/atau biaya tambahan oleh Vendor terkait berdasarkan kebijakan dan/atau ketentuan dari masing-masing Vendor. Traveloka tidak bertanggung jawab atas ketersediaan dan/atau terpenuhinya permintaan khusus Anda oleh Vendor.</li><li>Sehubungan dengan perubahan pemesanan (termasuk namun tidak terbatas pada perubahan tanggal, rute dan/atau penumpang) yang dilakukan oleh pengguna, Traveloka berhak membatalkan pesanan baru yang dibuat melalui proses perubahan pemesanan tersebut, jika pesanan awal sudah tidak berlaku (termasuk namun tidak terbatas, dalam hal apabila tiket telah digunakan atau dikembalikan/refund).</li><li>Untuk setiap penjadwalan ulang dan/atau modifikasi dan/atau perubahan reservasi oleh pengguna (termasuk namun tidak terbatas pada perubahan tanggal, rute dan/atau penumpang, peningkatan kelas atau kamar penerbangan, tambahan/add-on) yang dilakukan langsung melalui kepada maskapai penerbangan dan / atau hotel dan / atau Vendor, Traveloka tidak bertanggung jawab secara langsung atau tidak langsung atas hal-hal yang berkaitan dengan penjadwalan ulang dan / atau modifikasi dan / atau perubahan pada reservasi Anda, termasuk namun tidak terbatas pada</li><li>memperbarui halaman pemesanan di Situs. dan / atau memberi tahu Anda tentang reservasi dan / atau informasi penerbangan Anda yang telah dimodifikasi atau dijadwal ulang atau diubah secara langsung melalui maskapai penerbangan dan / atau hotel dan / atau Vendor;</li><li>setiap kerugian, klaim, atau segala konsekuensi hukum yang timbul dari penjadwalan ulang dan / atau modifikasi dan / atau perubahan pada reservasi Anda yang dilakukan langsung melalui maskapai penerbangan dan / atau hotel dan / atau Vendor.</li></ol><h4>SARAN PERJALANAN</h4><ol><li>Dengan menampilkan destinasi tertentu, Traveloka tidak mengemukakan atau menjamin bahwa perjalanan ke tempat-tempat tersebut bermanfaat atau bebas risiko dan Traveloka tidak akan dimintai pertanggungjawaban atas kerusakan atau kerugian yang mungkin diakibatkan dari perjalanan ke destinasi tersebut. Dalam situasi apa pun, Traveloka tidak akan bertanggung jawab atas insiden merugikan yang terjadi selama perjalanan atau selama Anda tinggal. Anda secara pribadi bertanggung jawab untuk pemilihan perjalanan, rute dan destinasi perjalanan, untuk sepanjang perjalanan Anda. Traveloka tidak bertanggung jawab atas kerugian yang terjadi ketika Anda gagal membawa dokumen perjalanan yang diperlukan, seperti paspor Anda, e-tiket, e-voucher, dan hal-hal lainnya yang disebabkan oleh kesalahan dan/atau kelalaian Anda. Traveloka juga tidak bertanggung jawab atas segala kesalahan dan/atau kelalaian yang disebabkan oleh Vendor.</li><li>Dalam pembelian tiket pergi pulang dengan Kode Booking Maskapai (Passenger Name Record, disingkat PNR) yang sama, tiket pergi dan pulang harus digunakan seluruhnya, sesuai dengan detail yang tertulis pada e-tiket Traveloka. Dengan hanya (i) menggunakan tiket pergi atau pulang saja; atau (ii) penggunaan sebagian pada salah satu segmen penerbangan; hal tersebut dapat menyebabkan tiket lainnya menjadi tidak valid, sehingga tiket Anda tidak dapat dipakai dan pengembalian dana juga tidak dapat dilakukan. Traveloka tidak bertanggung jawab atas segala konsekuensi yang disebabkan oleh pelanggaran terhadap syarat dan ketentuan ini.</li><li>Anda bertanggungjawab sepenuhnya untuk mendapatkan, menjaga dan menyediakan untuk ditunjukkan, izin-izin perjalanan atau persyaratan-persyaratan izin masuk orang asing yang sesuai dan sah (termasuk, namun tidak terbatas pada, visa atau izin-izin perjalanan lainnya, baik untuk transit atau keperluan lainnya) yang berlaku untuk Anda sebelum Anda memfinalisasi pengaturan perjalanan Anda sesuai dengan hukum yang berlaku di negara asal, tujuan, lewati atau transit dalam perjalanan Anda. Traveloka tidak memiliki kewajiban dan tidak akan bertanggungjawab untuk memberitahukan Anda mengenai pengaturan perjalanan dan izin-izin yang dibutuhkan oleh Anda agar dapat melaksanakan rencana perjalanan anda. Traveloka memiliki haknya untuk membatasi pertanggungjawabannya dalam hal adanya kerugian atau kerusakan yang timbul dari atau sehubungan dengan izin-izin perjalanan Anda.</li></ol><h4>PERINGKAT</h4><ol><li>Peringkat yang ditampilkan di Situs hanya disediakan sebagai informasi dari pengguna saja, dan peringkat yang ada didasarkan pada informasi yang diberikan oleh pihak ketiga seperti pemasok, pengguna atau ulasan situs web lain. Kami tidak memverifikasi peringkat yang diberikan dan karena itu tidak bertanggung jawab atas keakuratan peringkat yang ada. Dengan ini kami menyatakan penyangkalan klaim, kerugian atau kewajiban sehubungan dengan peringkat yang ditampilkan pada Situs.</li></ol><h4>HARGA DAN PROMOSI</h4><ol><li>Kami dapat menawarkan harga yang lebih rendah dan/atau promosi dari waktu ke waktu. Harap diketahui bahwa hal tersebut mungkin memerlukan ketentuan dan persyaratan yang berbeda, misalnya, sehubungan dengan kebijakan pemesanan dan pengembalian dana.</li><li>Apabila ada promosi yang diberikan oleh Vendor secara langsung, maka hak dan wewenang atas promosi tersebut sepenuhnya berada pada Vendor dan mungkin tidak berlaku untuk pemesanan yang dilakukan melalui Traveloka.</li></ol><h4>BIAYA TAMBAHAN &amp; PENGEMBALIAN DANA</h4><ol><li>Setiap harga yang tercantum pada Situs ini hanya tersedia dengan ketentuan tertentu dan harga tersebut dapat berubah tergantung pada ketersediaan pemesanan, lamanya pemesanan dan/atau kuota. Harga yang tersedia dapat mencakup pajak tambahan dan biaya lainnya lagi tapi dalam keadaan tertentu mungkin tidak termasuk pajak dan biaya jasa lainnya (seperti biaya tips untuk pemandu wisata, biaya fasilitas lainnya (jika ada), dan biaya-biaya lainnya yang timbul bukan dari penggunaan layanan kami); pengguna setuju bahwa mereka bertanggung jawab untuk memverifikasi total biaya yang harus dibayar dan persyaratan lainnya dan rincian ketika email konfirmasi dikirim ke pengguna. Pengguna harus memverifikasi pemesanan dalam lembar pemesanan; pengguna dapat membatalkan pemesanan setiap saat sebelum konfirmasi akhir dilakukan. Harga yang ditampilkan terperinci sehingga pengguna dapat melihat jumlah yang harus dibayar, biaya tambahan apa pun yang disebabkan penggunaan kartu kredit atau biaya antar bank yang dikenakan untuk biaya pengiriman akan dibebankan kepada pengguna dan jika terdapat kekurangan dalam jumlah yang dibayarkan, maka Traveloka dapat memberikan notifikasi email mengenai kekurangan dalam jumlah yang harus dibayarkan pengguna. Dalam hal pengguna membatalkan pemesanan sebelum membayar penuh segala kekurangan yang ada, Traveloka memiliki kebijaksanaan tunggal apakah akan mengembalikan jumlah yang dibayarkan atau mengembalikan jumlah yang telah dikurangi biaya yang dikeluarkan oleh Traveloka sebagai akibat dari biaya yang tidak dibayarkan atas kekurangan ini oleh pengguna sesuai dengan prosedur yang ditetapkan oleh Traveloka. Jika pengguna memiliki keraguan tentang layanan, pengguna dapat menghubungi layanan pelanggan Traveloka (selama waktu operasional layanan pelanggan yang ditentukan oleh Traveloka). Untuk setiap pembatalan lainnya, sesuai dengan hukum yang berlaku, serta kebijakan Traveloka dan maskapai/vendor, Traveloka pertama-tama akan melakukan investigasi dan memverifikasi pesanan sebelum memberikan pengembalian dana sesuai dengan jumlah yang sudah Anda bayarkan, dikurangi biaya yang dikeluarkan oleh Traveloka, termasuk namun tidak terbatas pada biaya administratif, biaya transfer antar bank, biaya kartu kredit, dll. (“Jumlah Refund”). Setelah pesanan berhasil diverifikasi oleh Traveloka, pengembalian dana akan ditawarkan kepada Anda berupa voucher elektronik (mis. Kupon Traveloka, Traveloka Poin, dan/atau Voucher Perjalanan dari maskapai/vendor).</li><li>Traveloka tidak akan bertanggung jawab atau berkewajiban atas setiap penerbitan e-tiket, e-voucher, atau transaksi lainnya yang digugurkan akibat jumlah yang ditransfer tidak akurat oleh pengguna atau pembayaran yang tidak dilakukan melalui metode pembayaran resmi yang tersedia di Situs Traveloka. Setiap transfer yang dilakukan melebihi batas waktu untuk transfer akan mengakibatkan pemesanan digugurkan. Untuk waktu nyata (<i>real-time</i>) transfer antar bank, Anda harus menggunakan ATM. Setelah menyelesaikan transfer antar bank, harap konfirmasi pembayaran Anda dengan mengisi formulir konfirmasi pembayaran.</li></ol><h4>BIAYA TAMBAHAN DARI HOTEL</h4><ol><li>Harap diketahui bahwa semua harga untuk reservasi hotel yang diberikan melalui Situs kami (\"Harga Hotel\") berdasarkan pada pilihan Anda, seperti untuk periode tinggal yang diminta dan jumlah tamu, kecuali ditentukan lain. Tarif reservasi kamar hotel dikutip per kamar dan per malam. Anda bertanggung jawab untuk memverifikasi apakah pilihan dan permintaan Anda atau layanan tambahan apa pun tercermin dalam harga yang ditampilkan di Situs (seperti Informasi Hotel disediakan sebelum konfirmasi pemesanan final) dan/atau dalam konfirmasi email kupon. Sarapan umumnya tidak termasuk, kecuali dinyatakan lain. Tarif hotel resor dan biaya wajib lainnya (lihat keterangan di bawah) dan pajak setempat, wisata, atau beban hunian (jika ada) akan dibayar oleh Anda, dan umumnya tidak diperhitungkan dalam Harga Hotel kecuali dinyatakan lain. Anda bertanggung jawab untuk memverifikasi setiap penjelasan atau kebijakan yang disediakan oleh hotel di Situs. Asuransi apa pun tidak termasuk dalam harga, kecuali dinyatakan lain. Standar reservasi kamar hotel adalah untuk satu hingga dua tamu; biaya tambahan umumnya akan diperlukan untuk tempat tidur tambahan. Hotel dapat menolak untuk menerima tamu tambahan jika tidak diberitahukan sebelumnya.</li><li>Harap diketahui bahwa beberapa hotel dapat membebani Anda biaya resor, tetapi mungkin memerlukan beban tambahan (atau sejenisnya) untuk menggunakan layanan tertentu. Biaya resor umumnya tidak termasuk dalam Harga Hotel; detail selengkapnya akan dicantumkan dalam deskripsi hotel di Situs. Anda mungkin juga akan dibebankan secara langsung oleh hotel untuk produk dan layanan termasuk namun tidak terbatas pada: biaya tambahan energi, biaya penanganan bagasi, biaya pengiriman surat kabar, biaya keamanan dalam kamar, biaya perjalanan/wisata, atau biaya untuk membersihkan kamar. Praktik menambahkan beban hotel tambahan berada di luar kendali Traveloka.</li><li>Pengeluaran insidental opsional dan beban pemakaian pribadi (seperti yang dikeluarkan selama tinggal di Hotel) umunya tidak termasuk dalam Harga Hotel. Beban tersebut termasuk namun tidak terbatas pada: biaya parkir, biaya minibar di dalam kamar, biaya telepon, layanan kamar, biaya makanan dan minuman, biaya makan malam (gala) khusus, sewa film/film sesuai permintaan (<i>on-demand</i>), dan biaya penggunaan Internet. Selama puncak musim liburan tertentu, beberapa hotel mungkin membuat makan malam spesial yang diwajibkan (seperti untuk Tahun Baru, Natal, Tahun Baru Cina dan acara lainnya). Beban tersebut tidak termasuk dalam tarif kamar, tapi akan ditampilkan pada formulir pemesanan. Harap merujuk ke detail selanjutnya yang tertera di bawah \"Informasi Hotel\", \"Persyaratan Pemesanan\", \"Kebijakan Pembatalan\" atau judul serupa di Situs. Jika Anda tidak yakin apakah ada atau tidak ada beban yang dimasukkan dalam tarif, harap hubungi tim layanan pelanggan kami untuk mengklarifikasi.</li><li>Beberapa hotel tertentu dapat menambahkan biaya untuk transportasi atau perpindahan. Hal ini merupakan praktik yang jamak untuk bepergian antar pulau (seperti Maladewa), agar supaya mencapai hotel. Transportasi tersebut selalu diatur oleh hotel, dan ditawarkan oleh atau atas nama hotel, yang bertanggung jawab terhadap layanan transportasi. Anda setuju bahwa Traveloka tidak mengatur transportasi apa pun dan tidak bertanggung jawab untuk layanan transportasi tersebut. Anda menyetujui bahwa Traveloka tidak bertanggung jawab atas kualitas, keselamatan, frekuensi atau tingkat layanan jasa transportasi, dan terhadap setiap kerugian atau kerusakan yang mungkin diakibatkan dari penggunaan layanan transportasi tersebut.</li><li>Dalam beberapa yurisdiksi, hotel mungkin diwajibkan untuk memungut pajak hunian atau pajak kota setempat dari tamu secara langsung. Otoritas pemerintah juga dapat menyatakan pajak tambahan dan dapat mewajibkan hotel untuk memungut pajak tersebut secara langsung. Anda setuju untuk membayar setiap dan semua pajak/beban ke hotel secara langsung setelah keluar hotel (<i>checkout</i>), kecuali ditentukan lain. Ketika Anda tidak yakin, harap cek dengan hotel atau Layanan Pelanggan Traveloka mengenai biaya tambahan apa pun yang mungkin dicantumkan dalam Harga Hotel.</li></ol><h4>AKUN PENGGUNA</h4><ol><li>Untuk tujuan pendaftaran, kami akan mengumpulkan dan memproses informasi pribadi anda, seperti nama, alamat surat elektronik (surel), dan nomor telepon genggam anda ketika anda melakukan pendaftaran. Anda harus menyediakan kami dengan informasi yang akurat, lengkap dan terkini dan setuju untuk menyediakan kami dengan bukti identitas diri yang mungkin kami minta dengan alasan yang jelas.</li><li>Hanya anda yang berhak untuk menggunakan akun anda sendiri dan anda menyatakan dan menjamin bahwa anda tidak akan mengizinkan pihak lain untuk menggunakan identitas atau akun anda untuk alasan apapun, kecuali diizinkan oleh Traveloka.</li><li>Anda tidak dapat mengalihkan atau memindahkan akun anda kepada pihak lain manapun.</li><li>Anda harus menjaga keamanan dan kerahasiaan kata sandi akun anda dan identifikasi yang kami sediakan untuk anda. Dalam hal terdapat pengungkapan atas kata sandi anda, dalam hal apapun juga yang menyebabkan adanya pengguna yang tidak sah atas akun atau identitas anda, pesanan yang diterima atas penggunaan yang tidak sah tersebut akan tetap dianggap sebagai pesanan yang sah dan kami akan memproses pesanan tersebut. Anda dengan ini menyatakan bahwa Traveloka tidak bertanggung jawab atas setiap kerugian atau kerusakan yang timbul atas penyalahgunaan akun anda tersebut.</li><li>Jika anda tidak lagi mempunyai kontrol atas akun anda, anda dibutuhkan untuk secepatnya memberitahukan kami (e.g., akun anda diretas dengan cara apapun atau telepon anda dicuri) sehingga kami dapat memblokir sementara dan/atau menonaktifkan akun anda sebagaimana diperlukan. Harap dicatat bahwa anda bertanggung jawab atas penggunaan akun anda dan mungkin bertanggung jawab atas akun anda meskipun dalam hal akun anda disalahgunakan oleh pihak lain.</li><li>Traveloka memiliki seluruh hak untuk memblokir sementara, menghapus, atau menonaktifkan akun Pengguna atas kebijakan kami sendiri dan untuk sebab apapun tanpa memberikan alasan atas pemblokiran, penghapusan atau penonaktifan akun Pengguna tersebut. Alasan dari pemblokiran, penghapusan, atau penonaktifan akun Pengguna dapat termasuk namun tidak terbatas kepada:</li><li>Pelanggaran Syarat ini,</li><li>Larangan di peraturan,</li><li>Penipuan atau pencurian (atau indikasi atau sangkaan penipuan atau penipuan</li><li>Kecurigaan adanya tindak kriminal,</li><li>Pesanan yang mencurigakan,</li><li>Pengguna memberikan informasi yang tidak akurat, salah atau menyesatkan,</li><li>Melakukan perbuatan yang tidak pantas, ancaman, atau hinaan,</li><li>Menolak memberikan informasi,</li><li>Adanya hambatan praktis,</li><li>Kesulitan atau kendala komunikasi, atau</li><li>Pengguna termasuk ke dalam “daftar hitam” atau “daftar pengamatan” oleh pemerintah atau organisasi international.</li></ol><h4>PROGRAM KEPESERTAAN</h4><ol><li>Dengan mendaftar di Traveloka, anda akan secara otomatis menjadi peserta dari program loyalitas kami yang bernama “TravelokaClub” yang dioperasikan oleh Traveloka.</li><li>Sebagai peserta dari TravelokaClub, anda akan memiliki akses untuk mendapatkan poin, promosi, diskon, fitur, atau manfaat lainnya yang ditawarkan oleh Traveloka dan/atau merchant pihak ketiga yang tersedia di Aplikasi dari waktu ke waktu. Untuk menghindari segala keraguan, kami mungkin, dari waktu ke waktu, merubah, menghilangkan, atau membuat tidak tersedianya sebagian atau seluruh point, promosi, diskon, fitur, atau manfaat lainnya yang pernah ditawarkan oleh kami.</li><li>Untuk informasi lengkap mengenai poin dan kualifikasinya, harap mengacu kepada <a href=\"https://www.traveloka.com/loyalty-points\">https://www.traveloka.com/loyalty-points</a></li></ol><h4>DETAIL DAN PROSEDUR PEMBAYARAN</h4><ol><li>Pembayaran dilakukan dalam jumlah dan mata uang sebagaimana dinyatakan tanpa biaya bank penjamin atau beban lain apa pun oleh Traveloka.</li><li>Traveloka tidak memungut pajak atau retribusi. Pembebanan pajak apa pun akan ditanggung oleh pengguna.</li><li>Untuk semua bentuk reservasi, Anda harus melakukan pembayaran sebelum batas waktu yang telah ditentukan. Jika pembayaran tidak dilakukan, maka Traveloka berhak untuk membatalkan semua reservasi atau mengabaikan proses pemesanan.</li><li>Metode pembayaran termasuk namun tidak terbatas pada transfer bank dan kartu kredit. Untuk pembayaran melalui transfer bank, Anda harus memberikan tanda terima transfer bank sebagai bukti pembayaran reservasi yang tercantum dalam email konfirmasi Traveloka. Anda harus mengikuti prosedur yang terdapat dalam email konfirmasi.</li><li>Untuk metode pembayaran lainnya seperti kartu kredit, Anda harus mengikuti prosedur yang dinyatakan oleh Traveloka dan/atau penyedia layanan pembayaran terkait.</li><li>Setelah Anda melakukan pembayaran penuh, Traveloka akan menempatkan pesanan dan mengeluarkan kode reservasi, yang akan disertai dengan:</li><li>Kode Pemesanan;</li><li>Nama Pelanggan;</li><li>Nomor Pemesanan;</li><li>Rincian Pemesanan; dan</li><li>Nomor Telepon/<i>Extension</i>.</li></ol><h4>PEMBAYARAN DENGAN KARTU KREDIT &amp; PENIPUAN</h4><ol><li>Untuk pembayaran pemesanan yang ditempatkan melalui Situs ini, kartu kredit Anda akan ditagih oleh Traveloka untuk harga penuh pada saat pemesanan dan konfirmasi dari pemesanan (setiap pengembalian yang mungkin diberikan akan tergantung pada ketentuan reservasi yang ada). Anda harus memeriksa rincian pemesanan secara menyeluruh setiap saat sebelum Anda membuat reservasi. Traveloka akan memproses setiap pengembalian, sebagaimana berlaku, dalam jangka waktu yang wajar. Untuk reservasi tertentu, Traveloka mungkin tidak membebani kartu kredit Anda dan meminta pembayaran kepada Vendor terkait secara langsung dan tidak membebani kartu kredit Anda, karena Anda wajib membayar vendor terkait secara langsung. Dalam rangka menjaga dan mengenkripsi informasi kartu kredit Anda ketika transit pada kami, kami menggunakan teknologi enkripsi seperti <i>Transport Layer Security</i> (\"TLS\") atau <i>Secure Sockets Layer</i> (\"SSL\") untuk layanan kami.</li><li>Dalam hal adanya penipuan kartu kredit atau penyalahgunaan atas kartu kredit anda oleh pihak ketiga, anda harus segera menghubungi bank atau penerbit kartu anda setelah anda mengetahui adanya penyalahgunaan tersebut. Dalam hal ini, Traveloka tidak akan bertanggungjawab atas setiap kejadian penipuan kartu kredit atau penyalahgunaan atas kartu kredit anda oleh pihak ketiga, tanpa mengesampingkan apakah kejadian penipuan atau penyalahgunaan tersebut dilakukan melalui jasa Traveloka (termasuk, namun tidak terbatas pada, TravelokaQuick). Traveloka tidak berkewajiban untuk melakukanpengembalian pembayaran atau membayarkan kembali kepada anda sebagai akibat dari penipuan tersebut. Sebagai bagian dari itikad baik kami, kami dapat memberikan suatu bentuk kompensasi kepada anda berdasarkan kepadapeninjauan dan persetujuan dari kami. Anda hanya akan berhak untuk meminta kompensasi apabila pemesanan tersebut dilakukan melalui server aman kami dan penipuan atau penyalahgunaan atas kartu kredit anda merupakan akibat dari kesalahan atau kelalaian kami dan bukan akibat dari kesalahan anda sendiri ketika menggunakan server aman kami. Kami tidak bertanggungjawab atas penipuan atau penyalahgunaan atas kartu kredit anda apabila hal tersebut dilakukan melalui aplikasi atau server selain milik kami atau apabila hal tersebut merupakan akibat dari kesalahan atau kelalaian anda sendiri. Apabila anda mencurigai adanya pemesanan tidak sah atau penipuan yang dilakukan pada Traveloka, anda harus segera menghubungi tim Customer Service kami.</li><li>Untuk membuat reservasi, Anda harus berusia di atas delapan belas (18) tahun dan memiliki kapasitas hukum penuh untuk membuat transaksi (atau memiliki wewenang dari wali sah Anda). Anda harus menggunakan kartu kredit atau kartu debit yang Anda miliki, diterbitkan dengan nama Anda, dan pastikan bahwa ada dana yang memadai untuk menutupi biaya transaksi. Anda menerima tanggung jawab keuangan untuk semua transaksi yang dilakukan atas nama Anda atau akun Anda.</li><li>Anda harus memastikan bahwa rincian yang Anda berikan kepada kami adalah sepenuhnya benar, tepat dan akurat. Traveloka berhak untuk tidak menerima kartu kredit tertentu. Traveloka dapat menambah atau menghapus metode pembayaran lainnya atas kebijaksanaannya.</li><li>Dalam kasus tertentu, kami mungkin memerlukan informasi tambahan atau verifikasi untuk memvalidasi dan mengkonfirmasi pemesanan, seperti yang dijelaskan secara lebih rinci dalam Situs. Pemesanan tidak dikonfirmasi sampai Anda telah menerima email konfirmasi dengan e-tiket atau voucer dan terdapat kemungkinan bahwa Vendor dapat menerapkan mekanisme pemeriksaan penipuan selama proses pemesanan. Jika terjadi penipuan atau ditentukan akan terjadi, maka pemesanan tidak akan lagi tersedia atau secara otomatis menjadi tidak berlaku. Traveloka tidak akan memikul tanggung jawab apa pun. Jika Anda memilih untuk tidak mengirimkan informasi tambahan, reservasi tidak akan diselesaikan dan akan menjadi tidak berlaku.</li></ol><h4>HAK DAN KEWAJIBAN</h4><ol><li>Traveloka dengan ini memberikan pengguna hak terbatas tertentu (merupakan \"Lisensi Terbatas\"), yang tidak dapat dipindahkan atau didelegasikan, untuk mengakses dan menggunakan Situs sejauh mana dinyatakan diizinkan oleh Syarat ini. Sehubungan dengan Lisensi Terbatas ini, kami tidak akan memberikan Anda hak atau lisensi sehubungan dengan penggunaan Situs; hak atau lisensi yang tidak diberikan secara tersurat, sepenuhnya dimiliki oleh Traveloka atau pemilik pihak ketiga lainnya dari lisensi tersebut. Konten yang tersedia di Situs (termasuk infrastruktur perangkat lunak yang digunakan untuk menyediakan Konten) sepenuhnya dimiliki oleh Traveloka atau pemasok dan penyedia layanannya, termasuk namun tidak terbatas pada Vendornya (sebagaimana berlaku). Anda dapat menggunakan situs tersebut untuk menaruh pesanan dan Anda dengan ini menyatakan dan menjamin bahwa Anda tidak akan mengajukan permintaan reservasi palsu atau spekulatif untuk mengantisipasi pemesanan yang tersedia. Anda dengan ini menyatakan untuk memastikan bahwa informasi pembayaran yang Anda berikan adalah benar dan sepenuhnya akurat. Anda juga menjamin untuk memberikan alamat surat elektronik yang tepat dan akurat, alamat surat menyurat dan/atau rincian informasi kontak Anda.</li><li>Berkaitan dengan Syarat Penggunaan dari Situs, Anda setuju untuk tidak menggunakan Situs atau Konten untuk tujuan komersial atau baik secara langsung maupun tidak langsung untuk tujuan selain penggunaan pribadi atau untuk yang melanggar hukum (dilarang oleh hukum) atau melakukan tindakan yang melanggar Syarat tersebut. Kecuali dengan kesepakatan tertulis dari Traveloka, Anda setuju untuk tidak memodifikasi, menyalin, mendistribusikan, mengirimkan, menampilkan, mereproduksi, mempublikasikan, melisensikan, menciptakan karya turunan dari, mentransfer, atau menjual atau menjual kembali setiap informasi, perangkat lunak, produk atau layanan yang diperoleh sehubungan dengan Situs. Selain itu, Anda setuju untuk tidak:</li><li>menggunakan Situs ini atau Konten untuk tujuan komersial tanpa izin dari Traveloka;</li><li>mengakses, memonitor atau menyalin Konten pada Situs menggunakan teknologi, perangkat lunak, atau program apa pun baik secara manual atau otomatis untuk tujuan apa pun tanpa izin tertulis dari Traveloka;</li><li>melakukan tindakan apa pun yang membebani atau mungkin membebani, tanggungan yang tidak wajar pada Situs atau infrastruktur kami;</li><li>membuat tautan utama ke Situs ini (termasuk namun tidak terbatas pada jalur pemesanan) untuk tujuan apa pun tanpa persetujuan tertulis dari Traveloka;</li><li>menjual kembali, menggunakan, menyalin, melakukan pengawasan (seperti menggunakan atau memasang program spider atau scrape), menampilkan, mengunduh atau melakukan produksi Konten apa pun, perangkat lunak, produk, layanan yang tersedia melalui Situs untuk tujuan komersial atau tujuan/kegiatan kompetisi;</li><li>mereproduksi Situs (melalui <i>\"frame\"</i> atau <i>\"mirror\"</i>) atau mengatur bagian dari Situs ini pada setiap situs web lain tanpa persetujuan tertulis sebelumnya;</li><li>mengirim pengumuman ke atau melalui Situs yang melanggar hukum, peraturan, atau aturan, atau yang dapat mendukung kegiatan yang melanggar hukum atau kegiatan kriminal;</li><li>mengirimkan atau menyediakan tautan ke atau mengirimkan pengumuman yang mengandung materi yang dapat dianggap berbahaya, cabul, pornografi, tidak senonoh, kekerasan, rasis, atau merupakan diskriminasi, hinaan, ancaman, pelecehan, penindasan, kebencian atau materi tidak menyenangkan lainnya, sesuai dengan kebijaksanaan Traveloka ini;</li><li>mengirimkan atau menyediakan tautan ke setiap pengumuman yang mengandung bahasa pencemaran nama baik, fitnah, dan kebohongan;</li><li>mengirimkan atau melakukan pengumuman yang mungkin melanggar kekayaan intelektual atau hak-hak lain dari entitas atau orang tertentu, termasuk namun tidak terbatas pada hak cipta, paten, merek dagang, rahasia dagang atau informasi rahasia atau publikasi;</li><li>mengirimkan pengumuman ketika dilarang oleh hukum yang berlaku atau melanggar hak dan kewajiban yang ada berdasarkan hubungan kontraktual;</li><li>meniru orang atau kelompok apa pun, atau menyatakan dengan keliru atau salah mengemukakan kepada seseorang atau entitas terhadap hubungan atau mengambil identitas palsu jika tujuannya untuk menyesatkan, menipu atau memperdaya;</li><li>memanipulasi atau memalsukan informasi yang bertujuan untuk menyamarkan asal-usul pernyataan yang Anda berikan;</li><li>menggunakan Situs dengan cara apa pun yang dapat merusak, menonaktifkan, menghambat, atau mengganggu penggunaan Situs atau pengguna lain dari peralatan komputer, atau menyebabkan kerusakan, gangguan atau membatasi fungsi dari perangkat lunak, perangkat keras atau peralatan telekomunikasi;</li><li>mendapatkan akses tidak sah atau melakukan modifikasi yang tidak sah ke Situs atau situs web terkait lainnya, akun lainnya, sistem komputer, jaringan yang terhubung dengan Situs dengan cara meretas, pencurian kata sandi atau hal-hal lain yang sejenis;</li><li>memperoleh atau berusaha memperoleh materi atau informasi apa pun dengan cara yang tidak sengaja disediakan oleh situs (termasuk namun tidak terbatas pada destinasi lain yang disediakan oleh situs ini). Hal ini termasuk namun tidak terbatas pada, memperoleh atau mengumpulkan informasi tentang orang lain seperti alamat email;</li><li>terlibat dalam tindakan penipuan atau tindakan yang bertujuan untuk memanipulasi halaman hasil mesin pencari (\"SERP\") atau melakukan optimasi mesin pencari (\"SEO\"). Praktik SEO dianggap tidak etis atau merupakan <i>\"spamdexing\"</i> termasuk namun tidak terbatas pada <i>cloaking, metadata, tag</i> judul, <i>scraping</i> konten, skema tautan, <i>google bomb</i>, pencarian kata kunci, teks tersembunyi atau tautan tersembunyi, skema tautan, komentar yang mengandung <i>spam</i> dan hal-hal lain; atau</li><li>tindakan lain apa pun yang dapat memberi pengaruh negatif atau mengakibatkan kerusakan pada Situs, Traveloka atau afiliasinya dan karyawan, atau reputasi Traveloka ini.</li><li>Kecuali ditentukan lain secara tegas, situs web tidak diizinkan untuk membuat tautan ke halaman lain selain halaman utama Situs atau <i>frame</i> atau halaman web atau materi yang terkandung di dalamnya, atau membuat tautan ke aspek Situs dalam bentuk email dengan tujuan komersial tanpa persetujuan tertulis yang dinyatakan oleh Traveloka.</li><li>Dengan menempatkan pesanan melalui Situs ini, Anda dengan ini menyatakan dan menjamin bahwa Anda tidak dikenakan larangan atau pembatasan apa pun oleh program sanksi apa pun, atau dikenakan hukuman di bawah rezim antipencucian uang mana pun.</li></ol><h4>HAK UNTUK KONTEN PENGGUNA</h4><ol><li>Dengan menyelesaikan pemesanan, Anda dengan ini setuju untuk menerima surat elektronik yang berisi undangan untuk memberikan ulasan atau ulasan konten terkait dengan pemilihan Vendor. Traveloka memiliki kebijaksanaan tunggal apakah korespondensi Anda akan muncul dalam ulasan. Traveloka dapat menampilkan korespondensi, yang mungkin berisi komentar, tingkat layanan dan nama Anda.</li><li>Dalam memberikan ulasan, Anda setuju untuk memastikan bahwa:</li><li>Anda memiliki dan mengendalikan semua hak atas ulasan yang Anda berikan ke Situs;</li><li>konten ulasan akurat dan tidak mengandung penggambaran yang keliru; dan</li><li>penggunaan atau kinerja atau pengiriman konten ulasan tidak melanggar Syarat atau undang-undang dan peraturan yang berlaku, Anda tidak melanggar hak pihak ketiga, dan Anda tidak menyebabkan cedera pada pihak mana pun.</li><li>Anda harus memikul semua tanggung jawab atas konten dari ulasan yang Anda berikan atau kirimkan. Anda memperkenankan Traveloka untuk bertindak ketika ada pihak yang melanggar hak-hak Anda atau hak Traveloka.</li><li>Ulasan konten yang diberikan akan dianggap tidak terdiri atas informasi rahasia dan Traveloka tidak akan memiliki kewajiban untuk memperlakukan ulasan konten sebagai informasi rahasia. Tanpa membatasi ketentuan yang terdapat dalam Syarat ini, Traveloka memiliki kebijaksanaan tunggal untuk menggunakan ulasan konten yang dianggap sesuai, termasuk namun tidak terbatas pada penghapusan, pemotongan, modifikasi, atau menyembunyikannya dari layar. Traveloka tidak memiliki kewajiban untuk membayar konten yang Anda kirimkan dalam ulasan, termasuk namun tidak terbatas pada ulasan konten yang telah diubah, dihilangkan atau dipotong. Traveloka tidak akan memiliki kewajiban untuk menyediakan atau mencantumkan atau menyebutkan penulis atau pihak ketiga lainnya.</li><li>Dalam hal apa pun, Anda dengan ini setuju bahwa sehubungan dengan konten dari ulasan:</li><li>Anda tidak memerlukan atribusi atau identifikasi dalam setiap karya turunan;</li><li>Anda memperkenankan penerbitan, penggunaan, penghapusan, modifikasi, reproduksi atau eksploitasi dari ulasan konten akan dilakukan oleh Traveloka dan karyawannya, penerus dan penerima pengalihan mereka;</li><li>Anda dengan ini melepaskan hak dan setuju untuk tidak mengklaim hak apa pun dalam ulasan konten; dan</li><li>Anda dengan ini mengganti kerugian dan tidak menyalahkan Traveloka dan karyawannya, afiliasi, pemegang hak, penggantian, dan menunjuk dari setiap klaim sehubungan dengan konten dari ulasan.</li></ol><h4>PEMBATASAN PENGGUNAAN</h4><ol><li>Anda dengan ini setuju untuk tidak menggunakan Situs atau Konten untuk kegiatan yang tidak sah atau melanggar hukum. Anda setuju bahwa Anda tidak akan menggunakan peralatan apa pun, perangkat lunak, atau teknologi lainnya yang mungkin menghambat atau berusaha menghalangi pengoperasian Situs ini. Anda setuju untuk tidak menggunakan Situs ini atau Kontennya untuk tujuan komersial. Anda setuju untuk tidak berupaya, membuat, mencari, menggunakan atau mengirim sarana otomatis atau bentuk lain dari teknologi untuk mengumpulkan atau mendapatkan informasi dari Situs ini, atau cara lain untuk berinteraksi dengan Situs ini.</li></ol><p>&nbsp;</p><p>&nbsp;</p><p>&nbsp;</p><p>&nbsp;</p><h4>HAK KEKAYAAN INTELEKTUAL</h4><ol><li>Semua Hak Kekayaan Intelektual dalam Situs ini dimiliki oleh Traveloka. Semua informasi dan bahan, termasuk namun tidak terbatas pada, perangkat lunak, teks, data, grafik, citra, suara, video, merek dagang, logo, ikon, kode html dan kode lainnya dalam situs web ini dilarang untuk dipublikasikan, dimodifikasi, disalin, direproduksi, digandakan atau diubah dengan cara apa pun di luar wilayah Situs ini tanpa izin yang dinyatakan oleh Traveloka. Jika Anda melanggar hak-hak ini, Traveloka berhak untuk membuat gugatan perdata untuk jumlah keseluruhan kerusakan atau kerugian yang diderita. Pelanggaran-pelanggaran ini juga bisa merupakan tindak pidana.</li><li>Traveloka dan/atau perusahaan afiliasinya adalah pemilik hak kekayaan intelektual tertentu (\"Hak Kekayaan Intelektual\"), termasuk namun tidak terbatas pada nama domain, Situs, merek dagang, konten, hak cipta, merek layanan, logo, simbol atau desain lainnya, dll. Tidak ada di dalam Persetujuan ini yang akan ditafsirkan sebagai memberikan Anda lisensi atau hak apa pun, tersirat atau sebaliknya, untuk menggunakan, memiliki, mendistribusikan atau memodifikasi Kekayaan Intelektual Traveloka mana pun. Produk lain dan nama perusahaan yang terkandung dalam Situs, termasuk nama, merek dagang, tanda, merek layanan, logo, simbol atau desain lainnya dapat dimiliki atau dilisensikan untuk digunakan oleh pihak ketiga. Penggunaan hak kekayaan intelektual oleh pihak ketiga di Situs ini tidak dianggap sebagai suatu rekomendasi atau pemberian sponsor terhadap situs oleh pihak ketiga. Traveloka memiliki hak cipta pada Situs, dan Anda dilarang untuk menggunakan, memiliki, mendistribusikan atau memodifikasi Kekayaan Intelektual mana pun tanpa persetujuan yang dinyatakan oleh Traveloka.</li><li>Situs ini berisi Kekayaan Intelektual Traveloka, termasuk namun tidak terbatas pada teks, perangkat lunak, foto, grafik, video, musik dan suara. Seluruh Konten Situs ini dilindungi oleh undang-undang hak cipta. Kami dan pemberi lisensi kami memiliki hak cipta dan/atau hak-hak lainnya atas pemilihan, koordinasi, pengaturan, dan perbaikan Konten dan konten asli. Anda tidak boleh memodifikasi, mereproduksi, menyalin, melakukan, menampilkan, mempublikasikan, atau mengeksploitasi Konten, secara keseluruhan atau sebagian, kecuali dinyatakan lain secara tegas dalam Syarat ini.</li><li>Kecuali ditentukan lain, perangkat lunak yang diperlukan untuk penyediaan layanan, perangkat lunak yang tersedia untuk digunakan pada Situs ini, dan Hak Kekayaan Intelektual dalam Konten di Situs dimiliki oleh Traveloka, perusahaan afiliasinya atau perusahaan yang terkait, pemberi lisensi, pemasok dan penyedia konten. Traveloka tidak akan bertanggung jawab atas kekayaan intelektual yang dimiliki oleh pihak ketiga atau atas pelanggaran hak kekayaan intelektual yang dimiliki oleh pihak ketiga.</li><li>Anda dapat menggunakan informasi di Situs hanya untuk penggunaan pribadi, non-komersial. Kecuali ditentukan lain, dan secara tegas diizinkan oleh hukum hak cipta, Anda tidak dapat menyalin, mereproduksi, mendistribusikan, mengirimkan ulang, mempublikasikan atau sebaliknya mengeksploitasi secara komersial setiap unduhan yang Anda buat dari Situs tanpa izin dari pemilik hak kekayaan intelektual. Bahkan jika Anda mendapatkan izin yang diperlukan, Anda dilarang untuk melakukan perubahan atau penghapusan. Anda dengan ini menerima dan setuju bahwa mengunduh setiap Kekayaan Intelektual tidak memberikan Anda hak atas mereka.</li><li>Kami dapat menyediakan tautan ke situs-situs lainnya yang dikelola oleh pihak lain, dengan mengeklik pada tautan, Anda dengan ini mengemukakan, mengakui dan setuju bahwa tindakan tersebut merupakan tindakan sukarela Anda untuk melihat atau mengunjungi situs lain yang Traveloka tidak memiliki pengawasan atau bertanggung jawab terhadapnya.</li><li>Traveloka dalam membuat Situs, menyiapkan kode sumber dan melakukan dukungan perangkat lunak, dapat melisensikan penggunaan perangkat lunak sumber terbuka dari pihak ketiga melalui <i>GNU General Public Licence</i> (\"GPL\"), Setiap penggunaan Traveloka terhadap perangkat lunak sumber terbuka Traveloka dan hak kekayaan intelektual pihak ketiga adalah dengan lisensi atau izin yang diperlukan.</li></ol><h4>KLAIM PELANGGARAN HAK KEKAYAAN INTELEKTUAL</h4><ol><li>Jika terdapat bukti pelanggaran Hak Kekayaan Intelektual Anda, maka Anda atau perwakilan Anda (secara bersamaan, \"Pengirim\") dapat mengirimkan pemberitahuan yang berisi rincian sebagai berikut yang terdata di bawah ini:</li><li>Nama dan alamat Pengirim;</li><li>Dalam hal Pengirim bukan pemilik Hak Kekayaan Intelektual atau lisensi eksklusif, maka harus mencantumkan nama dan alamat pemilik Hak Kekayaan Intelektual;</li><li>Dalam hal alamat Pengirim tidak di Singapura, Pengirim harus memberikan alamat sementara di Singapura;</li><li>Nomor telepon, faksimili (jika ada) dan alamat surat elektronik Pengirim;</li><li>Detail yang cukup sehingga dapat membuktikan adanya pelanggaran hak kekayaan intelektual, termasuk alamat online dari salinan elektronik;</li><li>Permintaan Pengirim untuk menghapus atau menonaktifkan akses ke salinan elektronik atau versi yang dilanggar;</li><li>Pernyataan bahwa Pengirim dengan itikad baik mengenali adanya pelanggaran sebagaimana diidentifikasi dalam ayat (5) pada Pasal ini;</li><li>Pernyataan bahwa informasi yang diberikan dalam pemberitahuan akurat;</li><li>Pernyataan bahwa Pengirim (a) adalah pemilik atau pemegang eksklusif hak kekayaan intelektual yang dilanggar; atau (b) memiliki kewenangan hukum untuk bertindak atas pemilik atau pemegang eksklusif; dan</li><li>Pernyataan bahwa Pengirim tunduk pada hukum Singapura dan bahwa semua klaim, perselisihan, kontroversi atau perbedaan yang timbul dari pelanggaran hak kekayaan intelektual harus terlebih dahulu diajukan ke <i>Singapore Mediation Centre</i> untuk penyelesaian melalui mediasi sesuai dengan Prosedur Mediasi yang berlaku untuk saat ini. Pengirim harus menyatakan bahwa mereka setuju untuk berpartisipasi dalam mediasi dengan itikad baik dan berusaha untuk mematuhi persyaratan dari penyelesaian yang dicapai.</li><li>Surat tersebut harus ditandatangani oleh pengirim dan disampaikan secara fisik dan melalui email ke alamat berikut:</li></ol><p>2 Shenton Way, #18-01</p><p>Singapore 068804, Singapore</p><p>&nbsp;</p><p>&nbsp;</p><p>&nbsp;</p><ol><li>Kami akan meninjau dan menangani pemberitahuan sesuai dengan persyaratan di atas dan sesuai dengan hukum Singapura.</li><li>Anda setuju untuk mengganti kerugian dan tidak menyalahkan kami atas setiap kerugian atau kerusakan yang mungkin terjadi sebagai akibat dari penipuan, pemalsuan atau tuduhan palsu dari pelanggaran hak kekayaan intelektual.</li></ol><p>&nbsp;</p><p>&nbsp;</p><p>&nbsp;</p><p>&nbsp;</p><h4>DISCLAIMER</h4><ol><li>ANDA DENGAN INI MENYATAKAN UNTUK DAN SETUJU BAHWA SEJAUH MANA DIIZINKAN OLEH HUKUM YANG BERLAKU:</li><li>LAYANAN DAN KONTEN SITUS INI DIBERIKAN BERDASARKAN \"SEBAGAIMANA ADANYA\" DAN \"SEBAGAIMANA TERSEDIA\". KAMI DENGAN INI MENYATAKAN SECARA TEGAS BAHWA KAMI TIDAK MEMBUAT GARANSI ATAU JAMINAN APA PUN, BAIK TERSURAT MAUPUN TERSIRAT, SEHUBUNGAN DENGAN KELAYAKAN USAHA DARI PRODUK ATAU LAYANAN, ATAU KESESUAIAN PRODUK DAN LAYANAN YANG KAMI SEDIAKAN UNTUK TUJUAN TERTENTU DAN MENENTANG PENYALAHGUNAAN HAK-HAK MANA YANG BERLAKU;</li><li>KAMI TIDAK MENJAMIN BAHWA: (i) FUNGSI, LAYANAN DAN FITUR KEAMANAN YANG DISEDIAKAN DALAM SITUS INI TIDAK AKAN TERGANGGU ATAU BEBAS DARI KESALAHAN; (Ii) KESALAHAN ATAU KEGAGALAN AKAN DIPERBAIKI; ATAU (iii) SITUS ATAU SERVER MEMBERIKAN LAYANAN YANG BEBAS DARI VIRUS, MALWARE ATAU KOMPONEN BERBAHAYA;</li><li>KAMI TIDAK MENJAMIN AKURASI, KEASLIAN, INTEGRITAS ATAU KUALITAS KONTEN, SITUS ATAU SUMBER DAYA YANG TERSEDIA UNTUK DAN DARI SITUS TERMASUK, NAMUN TIDAK TERBATAS PADA, SETIAP GARANSI BAHWA KONTEN, SITUS ATAU SUMBER BEBAS DARI SUMBER MATERI YANG JAHAT, TIDAK SENONOH ATAU KONTROVERSIAL;</li><li>KAMI TIDAK MENJAMIN ATAU MENANGGUNG BAHWA ANDA AKAN DIBERIKAN IZIN PERJALANAN YANG SAH YANG BERLAKU UNTUK ANDA. KAMI TIDAK BERTANGGUNGJAWAB APAPUN UNTUK MEMBERITAHU ANDA ATAU MEMBERI GANTI KERUGIAN KEPADA ANDA DALAM HAL ANDA MENGALAMI KERUGIAN ATAU KERUSAKAN SEHUBUNGAN DENGAN TIDAK ADANYA VISA ATAU IZIN PERJALANAN ANDA (TERMASUK, NAMUN TIDAK TERBATAS PADA, PENOLAKAN UNTUK MASUK KE DALAM SUATU NEGARA, DEPORTASI).</li><li>SETIAP MATERI UNDUHAN ATAU LAINNYA YANG DIPEROLEH MELALUI PENGGUNAAN LAYANAN INI MERUPAKAN TANGGUNG JAWAB DAN RISIKO ANDA SENDIRI. ANDA SECARA SUKARELA MENANGGUNG RISIKO TERSEBUT, DAN ANDA AKAN SEPENUHNYA BERTANGGUNG JAWAB ATAS KERUSAKAN PADA SISTEM KOMPUTER ANDA ATAU HILANGNYA DATA YANG TERJADI AKIBAT MENGUNDUH MATERI YANG DISEDIAKAN.</li></ol><p>&nbsp;</p><p>&nbsp;</p><p>&nbsp;</p><p>&nbsp;</p><h4>BATASAN TANGGUNG JAWAB</h4><ol><li>TANPA BERPRASANGKA TERHADAP APA YANG DIATUR DALAM SYARAT, KEWAJIBAN MASING-MASING PIHAK TERBATAS DAN DIKECUALIKAN SEMAKSIMALNYA YANG DIIZINKAN OLEH HUKUM, SEPERTI UNTUK CEDERA PRIBADI DAN KEMATIAN. KAMI TIDAK AKAN BERTANGGUNG JAWAB ATAS SETIAP KERUGIAN ATAU KERUSAKAN, BAIK LANGSUNG ATAU TIDAK LANGSUNG, AKIBAT DARI ATAU TERHUBUNG KE PENGGUNAAN ANDA TERHADAP SITUS INI ATAU PENGGUNAAN TAUTAN PADA SITUS, TERMASUK NAMUN TIDAK TERBATAS PADA KERUSAKAN KHUSUS, INSIDENTAL, HUKUMAN ATAU KERUSAKAN AKIBAT ATAU KERUGIAN EKONOMI LAINNYA, MESKIPUN KAMI TELAH DIBERITAHU TENTANG KEMUNGKINAN KERUGIAN ATAU KERUSAKAN YANG MUNGKIN TERJADI. PERBAIKAN SATU-SATUNYA YANG TERSEDIA BAGI ANDA ADALAH PENGHENTIAN PENGGUNAAN SITUS INI.</li></ol><p>&nbsp;</p><p>&nbsp;</p><p>&nbsp;</p><p>&nbsp;</p><h4>GANTI RUGI</h4><ol><li>Anda dengan ini setuju untuk mengganti kerugian dan tidak menyalahkan Traveloka dan karyawannya, afiliasi, staf dan mitra, dari dan terhadap setiap dan semua klaim, tuntutan, kewajiban, kerusakan atau kerugian termasuk biaya hukum, yang timbul sebagai akibat dari klaim pihak ketiga sehubungan dengan: (a) penggunaan Anda terhadap Situs; (B) Konten yang diberikan, disediakan atau diakses melalui Situs ini; (C) pelanggaran Anda terhadap Syarat tersebut; (D) pelanggaran hak atau kewajiban lainnya; dan/atau (e) setiap tindakan atau kelalaian oleh Anda, baik lalai, melanggar hukum atau lainnya.</li></ol><p>&nbsp;</p><p>&nbsp;</p><p>&nbsp;</p><p>&nbsp;</p><h4>TAUTAN DAN KONTEN PIHAK KETIGA</h4><ol><li>Situs ini mungkin mengandung tautan ke situs web yang dioperasikan oleh pihak lain selain Traveloka. Kami tidak mengontrol situs-situs atau tautan tersebut dan tidak bertanggung jawab atas konten atau privasi atau kegiatan lain dari situs tersebut. Kami, atau pihak ketiga lainnya, dapat mengunggah secara otomatis hasil pencarian atau memberikan tautan ke situs lain. Kami memberikan kesempatan bagi pihak ketiga untuk memberikan, memuat, mengirimkan atau sebaliknya menyediakan segala informasi, data, teks, citra, suara, grafik, video, pesan, ulasan, atau bahan lainnya (\"Konten\") melalui Situs ini. Kami tidak mengulas dan/atau tidak memiliki kontrol atas situs, sumber, dan Konten. Anda setuju bahwa kami tidak bertanggung jawab atas konten atau ketersediaan situs dan sumber daya tersebut, dan kami tidak mendukung atau merekomendasikan dan tidak bertanggung jawab atas asal-usul situs atau Konten. Anda setuju untuk membebaskan kami dari dan terhadap setiap dan semua kewajiban, pengeluaran, kerugian, atau kerusakan, secara langsung atau tidak langsung yang disebabkan atau diduga disebabkan oleh atau sehubungan dengan penggunaan atau akun untuk Konten, situs atau sumber daya.</li></ol><p>&nbsp;</p><p>&nbsp;</p><p>&nbsp;</p><p>&nbsp;</p><h4>PENGHENTIAN</h4><ol><li>Traveloka memiliki kebijaksanaan tunggal dan penuh untuk mengubah, menunda, tidak melanjutkan atau menghentikan Situs ini dan/atau bagian Situs, termasuk layanan atau produk yang disediakan dalam Situs ini, dan/atau penggunaan Situs ini, atau bagiannya, kapan saja dengan alasan apa pun tanpa pemberitahuan sebelumnya kepada Anda.</li><li>Dalam hal terjadi penghentian, Anda tetap terikat oleh kewajiban dalam Syarat ini, termasuk namun tidak terbatas pada jaminan, ganti rugi, pelepasan dan pembatasan kewajiban yang telah Anda sepakati.</li><li>Traveloka tidak akan bertanggung jawab kepada Anda atau pihak ketiga mana pun atas penghentian atau penangguhan akses Anda ke Situs.</li></ol><p>&nbsp;</p><p>&nbsp;</p><p>&nbsp;</p><p>&nbsp;</p><h4>PRIVASI</h4><ol><li>Traveloka menghargai kerahasiaan Pengguna. Traveloka akan berusaha keras untuk mematuhi persyaratan perundangan perlindungan data yang relevan saat melakukan kewajibannya menurut Syarat ini. Sebuah dokumen Kebijakan Privasi yang terpisah mengatur hak dan kewajiban Traveloka dan pengguna dalam kaitannya dengan privasi, tersedia di <a href=\"https://www.traveloka.com/id-id/privacypolicy\">sini</a>.</li></ol><p>&nbsp;</p><p>&nbsp;</p><p>&nbsp;</p><p>&nbsp;</p><h4>HUKUM YANG MENGATUR</h4><ol><li>Syarat ini akan diatur oleh dan ditafsirkan sesuai dengan dengan Hukum Singapura semata.</li></ol><p>&nbsp;</p><p>&nbsp;</p><p>&nbsp;</p><p>&nbsp;</p><h4>PENYELESAIAN PERSELISIHAN</h4><ol><li>Dalam hal terjadi perselisihan yang timbul dari atau sehubungan dengan Syarat ini, kedua Pihak akan pertama-tama membahas dengan itikad baik untuk mencapai penyelesaian damai dalam waktu enam puluh (60) hari sejak tanggal pemberitahuan perselisihan. Namun, jika perselisihan tersebut tidak dapat diselesaikan melalui musyawarah dalam waktu enam puluh (60) hari, maka harus dirujuk ke mediasi di <i>Singapore Mediation Centre</i> sesuai dengan Prosedur Mediasi yang berlaku untuk saat ini. Jika perselisihan tetap belum terselesaikan, hal itu akan diajukan ke yurisdiksi eksklusif dari pengadilan Republik Singapura.</li></ol><p>&nbsp;</p><p>&nbsp;</p><p>&nbsp;</p><p>&nbsp;</p><h4>UMUM</h4><ol><li>Syarat ini akan mengatur seluruh perjanjian dan pemahaman antara Anda dan Traveloka pada pokok daripadanya, dan akan menggantikan semua perjanjian sebelumnya, baik tertulis atau lisan, antara Anda dan Traveloka tentang pokok daripadanya.</li><li>Untuk menghindari keraguan, Traveloka tidak mengelola atau mengontrol Vendor.</li><li>Jika Anda menggunakan Situs untuk atau atas nama pihak ketiga (\"Pihak ketiga\"), seperti anggota keluarga atau teman perjalanan, Anda bertanggung jawab atas setiap kesalahan dalam keakuratan informasi yang diberikan sehubungan dengan penggunaan tersebut. Selain itu, Anda harus menginformasikan Pihak ketiga dari semua syarat dan ketentuan yang berlaku. Bila menggunakan Situs untuk atau atas nama pihak ketiga, Anda setuju untuk mengganti kerugian dan tidak menyalahkan Traveloka dari dan terhadap setiap dan semua kewajiban, kerugian, kerusakan, gugatan dan klaim termasuk biaya hukum, yang timbul dari atau terhubung dengan pelanggaran Syarat tersebut atau kelalaian oleh Anda dan/atau Pihak ketiga.</li><li>Syarat ini dibuat dalam bahasa Inggris. Setiap terjemahan ke dalam bahasa lain adalah untuk kenyamanan dan untuk tujuan informasi saja. Dalam kasus konflik antara versi bahasa Inggris dan setiap terjemahan tersebut, maka versi Bahasa Inggris yang berlaku. Judul dalam Perjanjian ini dimasukkan untuk kenyamanan saja dan tidak akan memengaruhi penafsiran atau penyusunan Syarat ini.</li><li>Dalam hal bahwa ketentuan apa pun ditetapkan untuk tidak dapat dilaksanakan atau tidak sah, oleh pengadilan dari yurisdiksi yang kompeten, maka ketentuan tersebut akan tetap diberlakukan sejauh diizinkan oleh hukum yang berlaku dan ketetapan tersebut tidak akan mempengaruhi validitas dan keberlakuan dari setiap ketentuan lainnya yang tersisa. Ketentuan yang terputus harus digantikan dengan ketentuan yang mendekati kata-kata asli dan maksud sebanyak mungkin.</li><li>Kegagalan salah satu Pihak untuk melaksanakan setiap ketentuan dari Syarat ini kapan saja tidak akan ditafsirkan sebagai pelepasan hak masing-masing Pihak untuk melaksanakan pelanggaran ketentuan tersebut atau setiap ketentuan lainnya dalam Syarat ini atau sebagai pelepasan dari pelanggaran yang terus-menerus, yang berikut atau yang menyusul atas setiap ketentuan atau ketentuan lainnya dari Syarat ini.</li><li>Anda tidak dapat menyerahkan atau mengalihkan hak atau kewajiban Anda menurut Syarat ini, tanpa persetujuan tertulis kami sebelumnya.</li><li>Kami berhak untuk mengubah atau mencabut Syarat (atau bagiannya) atas kebijaksanaan tunggal kami. Kami dapat mengubah Syarat kapan saja dengan memasang perbedaannya pada Situs. Versi terbaru dari Syarat akan menggantikan semua versi sebelumnya.</li><li>Kecuali dinyatakan lain, tidak ada dalam Syarat ini yang dimaksudkan untuk memberikan kepada pihak ketiga mana pun setiap hak untuk melaksanakan syarat apa pun atau untuk memberikan pada pihak ketiga manfaat apa pun menurut Syarat ini. Penerapan Undang-Undang (Cap. 53B) Kontrak (Hak Pihak Ketiga) dan setiap kembali berlakunya secara tegas dikecualikan.</li><li>Pemberitahuan diberikan menurut Syarat ini harus dianggap layak dengan pertimbangan jika Syarat tertulis dan diteruskan melalui pos terdaftar atau layanan pengiriman tercatat atau setara kepada salah satu Pihak (di alamat terdaftar kami, atau diberitahukan lain).</li><li>Dengan menggunakan Layanan kami, anda mengetahui bahwa kami mungkin perlu tunduk kepada syarat dan ketentuan tambahan yang dibuat oleh pemasok kami yang mungkin berlaku untuk produk-produk tertentu. Khususnya untuk produk-produk hotel tertentu yang disediakan oleh EAN.com L.P. (“EAN”), anda setuju bahwa anda akan tunduk kepada syarat dan ketentuan EAN yang berlaku sebagaimana tercantum di http://developer.ean.com/terms/en/.</li></ol><h4>FORCE MAJEURE</h4><ol><li>Traveloka tidak akan bertanggung jawab atas performa yang tidak dilakukan atau pelanggaran Syarat ini, seperti kegagalan transaksi, akses terbatas ke Situs, atau setiap kerusakan atau bahaya kepada pengguna yang disebabkan oleh tindakan atau kondisi apa pun di luar kontrol yang wajar baik oleh Anda atau Kami (\"Peristiwa <i>Force Majeure</i>\"). Peristiwa <i>Force Majeure</i> termasuk namun tidak terbatas pada bencana alam (banjir, gempa bumi), epidemi, kerusuhan, pernyataan perang, perang, aksi militer, tindakan teroris, embargo, sanksi, perubahan undang-undang atau peraturan, petir, badai/topan/siklon, mogok kerja, demonstrasi, kebangkrutan atau kepailitan maskapai penerbangan atau hotel, dan sebagainya.</li><li>Traveloka tidak akan bertanggung jawab atas setiap kerusakan atau kerugian yang disebabkan oleh cara apa pun kepada pihak mana pun jika Traveloka tidak dapat memproses pesanan Anda karena Peristiwa <i>Force Majeure</i>.</li></ol><p>&nbsp;</p><h4>TENTANG TRAVELOKA – FAQ</h4><ol><li>Jika Anda memiliki pertanyaan lebih lanjut, harap merujuk pada <a href=\"https://www.traveloka.com/id-id/faq\">FAQs</a>.</li></ol>');

-- --------------------------------------------------------

--
-- Struktur dari tabel `user`
--

CREATE TABLE `user` (
  `id` int(11) NOT NULL,
  `name` varchar(50) NOT NULL,
  `username` varchar(50) NOT NULL,
  `email` varchar(50) NOT NULL,
  `password` varchar(200) NOT NULL,
  `date_register` datetime NOT NULL
) ENGINE=InnoDB DEFAULT CHARSET=utf8;

--
-- Dumping data untuk tabel `user`
--

INSERT INTO `user` (`id`, `name`, `username`, `email`, `password`, `date_register`) VALUES
(7, 'Toni Suwendi', 'tonisuwendi', 'tonisuwendi@gmail.com', '$2y$10$mbyEMudoTgk2V.ZKtj90S.kH5g1ka9qfywtNjwvUenkG8jz41QBMm', '2021-05-26 23:51:31'),
(8, 'Paijo', 'paijo', 'paijo@mail.com', '$2y$10$DSJF1N5doDao73AmloNrQ.dUhHRoZCaYCeS1Rz4CJGy8qVp9pVUj.', '2021-05-26 23:58:53');

--
-- Indexes for dumped tables
--

--
-- Indeks untuk tabel `admin`
--
ALTER TABLE `admin`
  ADD PRIMARY KEY (`id`);

--
-- Indeks untuk tabel `airline`
--
ALTER TABLE `airline`
  ADD PRIMARY KEY (`id`);

--
-- Indeks untuk tabel `airport`
--
ALTER TABLE `airport`
  ADD PRIMARY KEY (`id`);

--
-- Indeks untuk tabel `booked`
--
ALTER TABLE `booked`
  ADD PRIMARY KEY (`id`);

--
-- Indeks untuk tabel `booked_list`
--
ALTER TABLE `booked_list`
  ADD PRIMARY KEY (`id`);

--
-- Indeks untuk tabel `flight`
--
ALTER TABLE `flight`
  ADD PRIMARY KEY (`id`);

--
-- Indeks untuk tabel `pages`
--
ALTER TABLE `pages`
  ADD PRIMARY KEY (`id`);

--
-- Indeks untuk tabel `user`
--
ALTER TABLE `user`
  ADD PRIMARY KEY (`id`);

--
-- AUTO_INCREMENT untuk tabel yang dibuang
--

--
-- AUTO_INCREMENT untuk tabel `admin`
--
ALTER TABLE `admin`
  MODIFY `id` int(11) NOT NULL AUTO_INCREMENT, AUTO_INCREMENT=2;

--
-- AUTO_INCREMENT untuk tabel `airline`
--
ALTER TABLE `airline`
  MODIFY `id` int(11) NOT NULL AUTO_INCREMENT, AUTO_INCREMENT=6;

--
-- AUTO_INCREMENT untuk tabel `airport`
--
ALTER TABLE `airport`
  MODIFY `id` int(11) NOT NULL AUTO_INCREMENT, AUTO_INCREMENT=14;

--
-- AUTO_INCREMENT untuk tabel `booked`
--
ALTER TABLE `booked`
  MODIFY `id` int(11) NOT NULL AUTO_INCREMENT, AUTO_INCREMENT=24;

--
-- AUTO_INCREMENT untuk tabel `booked_list`
--
ALTER TABLE `booked_list`
  MODIFY `id` int(11) NOT NULL AUTO_INCREMENT, AUTO_INCREMENT=27;

--
-- AUTO_INCREMENT untuk tabel `flight`
--
ALTER TABLE `flight`
  MODIFY `id` int(11) NOT NULL AUTO_INCREMENT, AUTO_INCREMENT=12;

--
-- AUTO_INCREMENT untuk tabel `pages`
--
ALTER TABLE `pages`
  MODIFY `id` int(11) NOT NULL AUTO_INCREMENT, AUTO_INCREMENT=6;

--
-- AUTO_INCREMENT untuk tabel `user`
--
ALTER TABLE `user`
  MODIFY `id` int(11) NOT NULL AUTO_INCREMENT, AUTO_INCREMENT=9;
